  0.04,198.00,  0.00
  0.10,189.63,  0.00
  0.19,227.04,  0.00
  0.24,173.74,  0.00
  0.31,171.77,  0.00
  0.37,144.72,  0.00
  0.45,142.66,  0.00
  0.51,165.78,  0.00
  0.57,155.02,  0.00
  0.64,149.47,  0.00
  0.72,149.72,  0.00
  0.78,147.04,  0.00
  0.84,167.56,  0.00
  0.91,139.15,  0.00
  0.98,112.02,  0.00
  1.04,107.27,  0.00
  1.11,106.88,  0.00
  1.18,105.66,  0.00
  1.24,101.33,  0.00
  1.33,102.65,  0.00
  1.38, 99.84,  0.00
  1.45,100.72,  0.00
  1.51, 94.95,  0.00
  1.59, 96.75,  0.00
  1.65, 98.57,  0.00
  1.71, 97.27,  0.00
  1.78,109.56,  0.00
  1.86,104.96,  0.00
  1.91, 95.09,  0.00
  1.98, 85.79,  0.00
  2.05, 91.70,  0.00
  2.11, 98.14,  0.00
  2.19,109.08,  0.00
  2.25,129.15,  0.00
  2.32,175.46,  0.00
  2.38,223.45,  0.00
  2.46,296.11,  0.00
  2.52,211.09,  0.00
  2.58,160.39,  0.00
  2.65,158.78,  0.00
  2.73,155.40,  0.00
  2.79,154.75,  0.00
  2.85,157.65,  0.00
  2.92,159.71,  0.00
  2.99,142.11,  0.00
  3.07,146.00,  0.00
  3.12,169.17,  0.00
  3.19,157.54,  0.00
  3.25,164.70,  0.00
  3.34,145.70,  0.00
  3.39,183.04,  0.00
  3.45,197.52,  0.00
  3.52,128.21,  0.00
  3.60,109.36,  0.00
  3.65, 88.68,  0.00
  3.72, 77.29,  0.00
  3.79, 79.82,  0.00
  3.87, 90.41,  0.00
  3.92, 95.61,  0.00
  3.99, 88.78,  0.00
  4.06, 87.86,  0.00
  4.12, 81.12,  0.00
  4.21, 88.48,  0.00
  4.26, 92.96,  0.00
  4.32,103.96,  0.00
  4.39,110.54,  0.00
  4.48,103.25,  0.00
  4.53,101.21,  0.00
  4.59,106.64,  0.00
  4.66, 99.89,  0.00
  4.74, 96.49,  0.00
  4.80, 97.77,  0.00
  4.86,108.68,  0.00
  4.93,130.62,  0.00
  4.99,162.95,  0.00
  5.08,182.51,  0.00
  5.13,177.87,  0.00
  5.20,153.93,  0.00
  5.26,127.12,  0.00
  5.34,135.80,  0.00
  5.40,126.74,  0.00
  5.47,114.55,  0.00
  5.53,126.35,  0.00
  5.61,101.12,  0.00
  5.67,103.24,  0.00
  5.73, 94.34,  0.00
  5.80, 96.05,  0.00
  5.88,104.27,  0.00
  5.94,102.97,  0.00
  6.00,132.75,  0.00
  6.07,165.64,  0.00
  6.13,186.68,  0.00
  6.22,144.86,  0.00
  6.27,119.01,  0.00
  6.34,109.05,  0.00
  6.40,107.41,  0.00
  6.48,114.84,  0.00
  6.54,115.62,  0.00
  6.60,137.05,  0.00
  6.67,172.07,  0.00
  6.75,220.04,  0.00
  6.81,232.70,  0.00
  6.87,147.74,  0.00
  6.94,191.20,  0.00
  7.01,167.77,  0.00
  7.09,148.81,  0.00
  7.14,144.45,  0.00
  7.21,132.43,  0.00
  7.27,134.95,  0.00
  7.36,128.62,  0.00
  7.41,142.04,  0.00
  7.47,141.72,  0.00
  7.54,179.67,  0.00
  7.62,188.41,  0.00
  7.68,197.73,  0.00
  7.74,149.67,  0.00
  7.81,140.30,  0.00
  7.89,226.95,  0.00
  7.94,174.01,  0.00
  8.01,177.05,  0.00
  8.08,168.81,  0.00
  8.14,174.85,  0.00
  8.23,131.76,  0.00
  8.28,134.83,  0.00
  8.35,120.08,  0.00
  8.41,114.51,  0.00
  8.49,124.04,  0.00
  8.55,119.00,  0.00
  8.61,146.83,  0.00
  8.68,160.65,  0.00
  8.76,186.86,  0.00
  8.82,184.13,  0.00
  8.88,167.62,  0.00
  8.95,130.06,  0.00
  9.03,135.26,  0.00
  9.08,143.84,  0.00
  9.15,173.61,  0.00
  9.22,150.03,  0.00
  9.28,135.74,  0.00
  9.37,133.91,  0.00
  9.42,140.06,  0.00
  9.48,142.31,  0.00
  9.55,157.04,  0.00
  9.63,160.39,  0.00
  9.69,151.85,  0.00
  9.75,141.86,  0.00
  9.82,135.98,  0.00
  9.90,137.06,  0.00
  9.95,157.66,  0.00
 10.02,168.11,  0.00
 10.09,195.75,  0.00
 10.15,230.79,  0.00
 10.24,209.91,  0.00
 10.29,120.07,  0.00
 10.35, 84.58,  0.00
 10.42, 67.78,  0.00
 10.50,118.25,  0.00
 10.56,250.21,  0.00
 10.62,215.22,  0.00
 10.69,181.98,  0.00
 10.77,177.52,  0.00
 10.82,166.84,  0.00
 10.89,159.76,  0.00
 10.96,172.29,  0.00
 11.04,186.67,  0.00
 11.10,195.30,  0.00
 11.16,189.89,  0.00
 11.23,177.38,  0.00
 11.29,120.80,  0.00
 11.37,113.88,  0.00
 11.43,107.43,  0.00
 11.49,101.66,  0.00
 11.56,104.72,  0.00
 11.64,106.12,  0.00
 11.70,142.03,  0.00
 11.76,105.30,  0.00
 11.83,100.82,  0.00
 11.91, 94.91,  0.00
 11.97,100.48,  0.00
 12.03,124.65,  0.00
 12.10,120.84,  0.00
 12.16,118.50,  0.00
 12.25,125.39,  0.00
 12.30,158.04,  0.00
 12.36,125.25,  0.00
 12.43,156.12,  0.00
 12.51,142.93,  0.00
 12.57,148.79,  0.00
 12.63,155.13,  0.00
 12.70,151.73,  0.00
 12.78,159.37,  0.00
 12.83,110.39,  0.00
 12.90,123.19,  0.00
 12.97,125.04,  0.00
 13.05,119.69,  0.00
 13.10,123.40,  0.00
 13.17,114.14,  0.00
 13.24,131.15,  0.00
 13.30,130.24,  0.00
 13.39,110.98,  0.00
 13.44,102.66,  0.00
 13.51,103.65,  0.00
 13.58,105.70,  0.00
 13.64,108.53,  0.00
 13.72,124.16,  0.00
 13.77,126.51,  0.00
 13.84,133.50,  0.00
 13.92,131.66,  0.00
 13.97,166.73,  0.00
 14.04,153.25,  0.00
 14.11,131.02,  0.00
 14.17,139.30,  0.00
 14.26,123.33,  0.00
 14.31,133.32,  0.00
 14.38,103.18,  0.00
 14.45, 86.49,  0.00
 14.51, 90.19,  0.00
 14.58, 96.77,  0.00
 14.64,104.69,  0.00
 14.71,153.03,  0.00
 14.79,155.45,  0.00
 14.84,211.45,  0.00
 14.91,248.66,  0.00
 14.98,254.66,  0.00
 15.05,296.62,  0.00
 15.13,208.32,  0.00
 15.18,249.89,  0.00
 15.25,281.70,  0.00
 15.31,227.10,  0.00
 15.39,209.29,  0.00
 15.45,386.17,  0.00
 15.51,334.09,  0.00
 15.58,394.03,  0.00
 15.66,359.29,  0.00
 15.72,393.59,  0.00
 15.78,379.64,  0.00
 15.85,245.36,  0.00
 15.93,437.92,  0.00
 15.98,336.64,  0.00
 16.05,324.29,  0.00
 16.12,276.94,  0.00
 16.20,206.65,  0.00
 16.25,161.89,  0.00
 16.32,141.09,  0.00
 16.39,137.15,  0.00
 16.45,126.04,  0.00
 16.53,137.55,  0.00
 16.59,137.38,  0.00
 16.65,136.67,  0.00
 16.72,155.68,  0.00
 16.80,154.65,  0.00
 16.85,161.46,  0.00
 16.92,197.88,  0.00
 16.99,177.22,  0.00
 17.06,166.53,  0.00
 17.14,217.80,  0.00
 17.19,150.06,  0.00
 17.26,139.71,  0.00
 17.32,147.53,  0.00
 17.41,159.03,  0.00
 17.46,167.49,  0.00
 17.52,188.65,  0.00
 17.59,188.59,  0.00
 17.67,161.06,  0.00
 17.73,191.12,  0.00
 17.79,121.27,  0.00
 17.86,169.33,  0.00
 17.94,193.71,  0.00
 18.00,161.32,  0.00
 18.06,160.27,  0.00
 18.13,178.00,  0.00
 18.19,173.55,  0.00
 18.27,199.25,  0.00
 18.33,187.81,  0.00
 18.40,152.39,  0.00
 18.46,173.12,  0.00
 18.54,298.77,  0.00
 18.60,255.36,  0.00
 18.66,244.20,  0.00
 18.73,249.95,  0.00
 18.81,246.53,  0.00
 18.86,202.04,  0.00
 18.93,111.83,  0.00
 19.00, 67.49,  0.00
 19.07,196.83,  0.00
 19.15, 99.62,  0.00
 19.20,164.53,  0.00
 19.27,199.79,  0.00
 19.35,106.63,  0.00
 19.40, 66.30,  0.00
 19.47,100.57,  0.00
 19.53, 65.00,  0.00
 19.60,117.25,  0.00
 19.68,183.95,  0.00
 19.74,170.38,  0.00
 19.80,131.60,  0.00
 19.87, 41.14,  0.00
 19.95,215.18,  0.00
 20.00,224.26,  0.00
 20.07,198.47,  0.00
 20.14,199.53,  0.00
 20.20,234.51,  0.00
 20.29,224.90,  0.00
 20.34,236.57,  0.00
 20.41,237.40,  0.00
 20.47,266.98,  0.00
 20.55,198.71,  0.00
 20.61,149.51,  0.00
 20.67,148.01,  0.00
 20.74, 65.52,  0.00
 20.82, 40.39,  0.00
 20.87,107.60,  0.00
 20.94, 21.71,  0.00
 21.01, 10.49,  0.00
 21.08, 29.40,  0.00
 21.16, 13.74,  0.00
 21.22, 19.43,  0.00
 21.28,  4.39,  0.00
 21.34, 23.83,  0.00
 21.42, 11.08,  0.00
 21.48, 12.48,  0.00
 21.54,179.93,  0.00
 21.61,183.20,  0.00
 21.69,196.48,  0.00
 21.75,186.99,  0.00
 21.81,192.74,  0.00
 21.88,167.22,  0.00
 21.95,196.25,  0.00
 22.03,164.47,  0.00
 22.08,126.76,  0.00
 22.15,100.98,  0.00
 22.21,236.05,  0.00
 22.30,158.74,  0.00
 22.35,155.83,  0.00
 22.42,219.66,  0.00
 22.48,158.68,  0.00
 22.56,165.05,  0.00
 22.62,217.35,  0.00
 22.68, 93.86,  0.00
 22.75,137.19,  0.00
 22.83,192.88,  0.00
 22.89,279.60,  0.00
 22.95, 44.51,  0.00
 23.02,224.18,  0.00
 23.09,240.59,  0.00
 23.17,235.95,  0.00
 23.22,284.22,  0.00
 23.29,183.69,  0.00
 23.36,136.83,  0.00
 23.42, 91.41,  0.00
 23.49,193.61,  0.00
 23.56,274.30,  0.00
 23.62,344.83,  0.00
 23.70,344.34,  0.00
 23.76,220.29,  0.00
 23.82,222.36,  0.00
 23.89,212.14,  0.00
 23.96,217.80,  0.00
 24.04,330.32,  0.00
 24.09,122.55,  0.00
 24.16,411.10,  0.00
 24.22,404.09,  0.00
 24.31,340.40,  0.00
 24.36,278.02,  0.00
 24.42,184.10,  0.00
 24.49,188.00,  0.00
 24.57,243.96,  0.00
 24.63,346.21,  0.00
 24.69,305.39,  0.00
 24.76,245.07,  0.00
 24.84,232.26,  0.00
 24.90,245.39,  0.00
 24.96,236.44,  0.00
 25.03,326.70,  0.00
 25.10,256.34,  0.00
 25.17,402.99,  0.00
 25.23,342.57,  0.00
 25.30,268.49,  0.00
 25.36, 55.67,  0.00
 25.44,182.10,  0.00
 25.50,235.58,  0.00
 25.56,237.00,  0.00
 25.64,200.57,  0.00
 25.70,202.66,  0.00
 25.78,194.55,  0.00
 25.83,203.30,  0.00
 25.90,219.69,  0.00
 25.98,251.47,  0.00
 26.03,328.41,  0.00
 26.10,379.34,  0.00
 26.17,253.48,  0.00
 26.23,168.68,  0.00
 26.32, 57.60,  0.00
 26.37, 35.97,  0.00
 26.44, 14.20,  0.00
 26.50,343.01,  0.00
 26.58,316.84,  0.00
 26.64,387.22,  0.00
 26.70,372.31,  0.00
 26.77,323.65,  0.00
 26.85,259.51,  0.00
 26.90,255.15,  0.00
 26.97,200.47,  0.00
 27.04,193.00,  0.00
 27.12,221.88,  0.00
 27.17,257.25,  0.00
 27.24,332.21,  0.00
 27.31,288.60,  0.00
 27.37,266.28,  0.00
 27.45,239.12,  0.00
 27.51,242.53,  0.00
 27.57,236.82,  0.00
 27.64,254.05,  0.00
 27.72,272.27,  0.00
 27.77,105.13,  0.00
 27.84,156.85,  0.00
 27.91,229.44,  0.00
 27.99,331.62,  0.00
 28.04, 94.23,  0.00
 28.11, 26.66,  0.00
 28.18, 11.08,  0.00
 28.24,  2.69,  0.00
 28.33, 12.93,  0.00
 28.38, 44.89,  0.00
 28.44,171.48,  0.00
 28.51,200.42,  0.00
 28.59,218.75,  0.00
 28.65,187.10,  0.00
 28.71,200.93,  0.00
 28.78,225.99,  0.00
 28.86,225.52,  0.00
 28.92,177.81,  0.00
 28.98,167.65,  0.00
 29.05,185.12,  0.00
 29.13,295.61,  0.00
 29.18,385.23,  0.00
 29.25,327.47,  0.00
 29.32,170.15,  0.00
 29.38,122.29,  0.00
 29.47,518.94,  0.00
 29.52,457.76,  0.00
 29.58,462.98,  0.00
 29.65,492.78,  0.00
 29.73,122.36,  0.00
 29.79,135.88,  0.00
 29.85,427.85,  0.00
 29.92,259.89,  0.00
 30.00,219.11,  0.00
 30.06,222.88,  0.00
 30.12,225.56,  0.00
 30.19,264.22,  0.00
 30.25,328.12,  0.00
 30.33,249.17,  0.00
 30.39,238.57,  0.00
 30.45,258.85,  0.00
 30.52,277.27,  0.00
 30.60,275.93,  0.00
 30.66,231.79,  0.00
 30.72,228.02,  0.00
 30.79,235.37,  0.00
 30.87,271.17,  0.00
 30.92,245.94,  0.00
 30.99,263.34,  0.00
 31.06,260.36,  0.00
 31.13,308.33,  0.00
 31.21,294.11,  0.00
 31.26,256.85,  0.00
 31.33,249.46,  0.00
 31.39,251.53,  0.00
 31.47,288.18,  0.00
 31.53,339.43,  0.00
 31.59,283.61,  0.00
 31.66,153.04,  0.00
 31.74, 18.16,  0.00
 31.80,291.87,  0.00
 31.86, 82.17,  0.00
 31.93, 77.40,  0.00
 32.01,225.21,  0.00
 32.06,337.83,  0.00
 32.13,256.96,  0.00
 32.20, 19.33,  0.00
 32.26, 18.39,  0.00
 32.35,  3.16,  0.00
 32.40, 29.16,  0.00
 32.47,  4.61,  0.00
 32.53,180.60,  0.00
 32.61,105.25,  0.00
 32.67, 13.96,  0.00
 32.73, 73.61,  0.00
 32.80,127.78,  0.00
 32.88,171.28,  0.00
 32.94,154.69,  0.00
 33.00,228.72,  0.00
 33.07,203.33,  0.00
 33.14,215.58,  0.00
 33.22,205.76,  0.00
 33.27,223.82,  0.00
 33.34,204.45,  0.00
 33.40,314.35,  0.00
 33.48,116.26,  0.00
 33.54,106.93,  0.00
 33.60,114.67,  0.00
 33.67, 67.01,  0.00
 33.75, 62.55,  0.00
 33.81, 15.91,  0.00
 33.87, 38.46,  0.00
 33.94, 60.64,  0.00
 34.02,  6.71,  0.00
 34.08, 16.89,  0.00
 34.14, 14.43,  0.00
 34.21, 46.91,  0.00
 34.28, 40.19,  0.00
 34.36, 35.69,  0.00
 34.41,333.77,  0.00
 34.47,223.54,  0.00
 34.54,354.21,  0.00
 34.62,349.20,  0.00
 34.68,352.15,  0.00
 34.74,235.08,  0.00
 34.81,230.95,  0.00
 34.89,265.63,  0.00
 34.95,330.52,  0.00
 35.01,237.78,  0.00
 35.08,339.63,  0.00
 35.15,350.69,  0.00
 35.23,318.32,  0.00
 35.28,321.39,  0.00
 35.35,282.54,  0.00
 35.41,207.52,  0.00
 35.49,238.54,  0.00
 35.55,129.99,  0.00
 35.61,164.98,  0.00
 35.68,205.19,  0.00
 35.76,256.23,  0.00
 35.82,140.08,  0.00
 35.88, 24.03,  0.00
 35.95,  6.21,  1.00
 36.03,  4.66,  1.00
 36.08,  1.74,  1.00
 36.15,  1.99,  1.00
 36.22,  2.64,  1.00
 36.28, 10.54,  0.00
 36.37,211.20,  0.00
 36.42,253.06,  0.00
 36.49,276.16,  0.00
 36.55,271.61,  0.00
 36.63,228.02,  0.00
 36.69,261.96,  0.00
 36.75,278.89,  0.00
 36.82,206.16,  0.00
 36.90,155.78,  0.00
 36.96,222.69,  0.00
 37.02,141.30,  0.00
 37.09,287.91,  0.00
 37.16,268.04,  0.00
 37.24,158.02,  0.00
 37.29,121.23,  0.00
 37.36, 96.46,  0.00
 37.42, 21.57,  0.00
 37.51, 10.81,  0.00
 37.56,  1.91,  0.00
 37.62,  2.23,  0.00
 37.69, 19.82,  0.00
 37.77, 16.42,  0.00
 37.83,  2.85,  0.00
 37.89, 10.98,  0.00
 37.96,  6.68,  0.00
 38.04,  1.78,  0.00
 38.09,  3.60,  0.00
 38.16,285.22,  0.00
 38.23,160.45,  0.00
 38.29,182.60,  0.00
 38.38,260.42,  0.00
 38.43,342.12,  0.00
 38.49,305.37,  0.00
 38.56,242.79,  0.00
 38.65,235.81,  0.00
 38.70,234.07,  0.00
 38.76,183.69,  0.00
 38.83,337.84,  0.00
 38.91,271.47,  0.00
 38.97,234.98,  0.00
 39.03,220.54,  0.00
 39.10,260.77,  0.00
 39.17,289.70,  0.00
 39.25,162.48,  0.00
 39.30,134.81,  0.00
 39.37,117.61,  0.00
 39.43, 22.38,  0.00
 39.52,  9.57,  0.00
 39.57,271.15,  0.00
 39.63,215.01,  0.00
 39.70,229.22,  0.00
 39.78,230.40,  0.00
 39.84,248.51,  0.00
 39.90,303.70,  0.00
 39.97,251.43,  0.00
 40.05,439.29,  0.00
 40.10,445.11,  0.00
 40.17,448.98,  0.00
 40.24,186.56,  0.00
 40.30,423.28,  0.00
 40.39,437.36,  0.00
 40.44,243.73,  0.00
 40.51, 75.18,  0.00
 40.57, 19.65,  0.00
 40.65, 46.53,  0.00
 40.71, 76.96,  0.00
 40.77, 20.53,  0.00
 40.84, 11.44,  0.00
 40.92,  5.34,  0.00
 40.98,  6.96,  0.00
 41.04,  7.78,  0.00
 41.11,269.29,  0.00
 41.17,332.81,  0.00
 41.26,280.46,  0.00
 41.31,243.56,  0.00
 41.38,254.37,  0.00
 41.44,283.47,  0.00
 41.53,295.14,  0.00
 41.58,288.29,  0.00
 41.65,315.82,  0.00
 41.71,331.67,  0.00
 41.79, 81.75,  0.00
 41.85,166.37,  0.00
 41.91, 41.53,  0.00
 41.98, 15.80,  0.00
 42.06, 21.23,  0.00
 42.11, 72.24,  0.00
 42.18,  2.82,  0.00
 42.25,  6.94,  0.00
 42.31, 34.64,  0.00
 42.40,  3.23,  0.00
 42.45, 13.08,  0.00
 42.51, 15.16,  0.00
 42.58,  6.20,  1.00
 42.66,  1.98,  1.00
 42.72,  1.50,  1.00
 42.78,  5.88,  1.00
 42.85,371.04,  0.00
 42.93,327.09,  0.00
 42.99,255.36,  0.00
 43.05,242.52,  0.00
 43.12,233.15,  0.00
 43.20,256.35,  0.00
 43.25,270.10,  0.00
 43.32,373.16,  0.00
 43.39,302.58,  0.00
 43.45,304.91,  0.00
 43.53,301.16,  0.00
 43.59,263.19,  0.00
 43.65,434.27,  0.00
 43.73,346.89,  0.00
 43.79,383.96,  0.00
 43.87,325.73,  0.00
 43.92,331.61,  0.00
 43.99,266.19,  0.00
 44.07, 51.42,  0.00
 44.12, 20.38,  0.00
 44.19,  8.19,  0.00
 44.26, 13.24,  0.00
 44.32,  4.10,  1.00
 44.40,  2.76,  1.00
 44.46,  2.79,  1.00
 44.53,  8.06,  1.00
 44.59, 10.37,  0.00
 44.68,273.60,  0.00
 44.73,479.81,  0.00
 44.79,411.56,  0.00
 44.87,307.74,  0.00
 44.93,244.45,  0.00
 44.99,233.52,  0.00
 45.06,231.17,  0.00
 45.13,279.80,  0.00
 45.21,243.38,  0.00
 45.26,290.25,  0.00
 45.34,328.64,  0.00
 45.40,217.22,  0.00
 45.46,328.67,  0.00
 45.54,386.00,  0.00
 45.60,103.85,  0.00
 45.67,155.70,  0.00
 45.74,124.55,  0.00
 45.80, 50.25,  0.00
 45.88, 69.18,  0.00
 45.93, 53.50,  0.00
 46.00,  5.10,  0.00
 46.08, 14.07,  0.00
 46.13, 99.15,  0.00
 46.20, 42.11,  0.00
 46.27,  2.03,  0.00
 46.33, 64.39,  0.00
 46.42,  2.14,  0.00
 46.47,427.66,  0.00
 46.53,330.58,  0.00
 46.60,302.71,  0.00
 46.68,266.31,  0.00
 46.74,238.41,  0.00
 46.80,207.78,  0.00
 46.87,200.80,  0.00
 46.95,176.51,  0.00
 47.01,176.25,  0.00
 47.07,179.77,  0.00
 47.14,187.44,  0.00
 47.22,178.76,  0.00
 47.27,197.49,  0.00
 47.34,188.76,  0.00
 47.41,201.13,  0.00
 47.47,171.39,  0.00
 47.55,172.13,  0.00
 47.61,161.84,  0.00
 47.67,153.97,  0.00
 47.75,181.21,  0.00
 47.81,187.76,  0.00
 47.89,176.66,  0.00
 47.94,161.71,  0.00
 48.01,155.60,  0.00
 48.09,163.71,  0.00
 48.14,176.91,  0.00
 48.21,193.64,  0.00
 48.28,182.78,  0.00
 48.34,186.80,  0.00
 48.42,162.43,  0.00
 48.48,159.71,  0.00
 48.54,195.85,  0.00
 48.61,221.48,  0.00
 48.69,231.60,  0.00
 48.75,213.41,  0.00
 48.82,262.89,  0.00
 48.88,283.44,  0.00
 48.96,296.82,  0.00
 49.01,293.64,  0.00
 49.08,323.39,  0.00
 49.15,313.77,  0.00
 49.24,266.95,  0.00
 49.28,227.64,  0.00
 49.35,230.97,  0.00
 49.42,231.63,  0.00
 49.48,251.84,  0.00
 49.58,219.72,  0.00
 49.62,169.74,  0.00
 49.68,130.47,  0.00
 49.75,126.49,  0.00
 49.83,116.43,  0.00
 49.89,118.65,  0.00
 49.95,113.79,  0.00
 50.02,127.04,  0.00
 50.10,125.91,  0.00
 50.15,120.94,  0.00
 50.22,107.09,  0.00
 50.29, 96.52,  0.00
 50.35,103.01,  0.00
 50.44,124.82,  0.00
 50.49,156.31,  0.00
 50.56,169.40,  0.00
 50.62,174.92,  0.00
 50.70,148.49,  0.00
 50.76,123.56,  0.00
 50.82,105.51,  0.00
 50.89,110.00,  0.00
 50.97,124.12,  0.00
 51.03,124.23,  0.00
 51.09,146.98,  0.00
 51.16,149.66,  0.00
 51.23,161.41,  0.00
 51.31,165.67,  0.00
 51.36,126.61,  0.00
 51.43,123.09,  0.00
 51.49,109.73,  0.00
 51.57,110.02,  0.00
 51.63, 73.02,  0.00
 51.69, 68.55,  0.00
 51.76, 68.46,  0.00
 51.84, 71.60,  0.00
 51.90, 94.04,  0.00
 51.96,106.44,  0.00
 52.03,139.00,  0.00
 52.11,173.43,  0.00
 52.16,185.10,  0.00
 52.23,176.95,  0.00
 52.30,191.05,  0.00
 52.36,189.21,  0.00
 52.45,191.28,  0.00
 52.50,202.87,  0.00
 52.56,219.46,  0.00
 52.63,184.93,  0.00
 52.71,225.03,  0.00
 52.77,251.56,  0.00
 52.83,180.77,  0.00
 52.90,166.36,  0.00
 52.98,150.15,  0.00
 53.03,306.80,  0.00
 53.10,240.19,  0.00
 53.17,105.58,  0.00
 53.24, 58.99,  0.00
 53.32,265.21,  0.00
 53.37,324.26,  0.00
 53.44,320.46,  0.00
 53.50,311.54,  0.00
 53.59,356.47,  0.00
 53.64,153.18,  0.00
 53.71,240.86,  0.00
 53.77,188.88,  0.00
 53.85,211.86,  0.00
 53.91,150.28,  0.00
 53.97, 82.14,  0.00
 54.04, 34.57,  0.00
 54.12, 49.90,  0.00
 54.17, 26.93,  0.00
 54.24, 12.23,  0.00
 54.31,  8.52,  0.00
 54.37,  1.60,  0.00
 54.46,  7.50,  0.00
 54.51,199.53,  0.00
 54.58,157.41,  0.00
 54.64,243.17,  0.00
 54.72,273.37,  0.00
 54.78,232.52,  0.00
 54.84,238.41,  0.00
 54.91,254.28,  0.00
 54.99,338.74,  0.00
 55.04,315.17,  0.00
 55.11,330.34,  0.00
 55.18,312.01,  0.00
 55.25,331.88,  0.00
 55.33,267.01,  0.00
 55.38,454.95,  0.00
 55.45,558.19,  0.00
 55.51,467.80,  0.00
 55.60,296.64,  0.00
 55.65,195.82,  0.00
 55.71, 28.32,  0.00
 55.78, 83.16,  0.00
 55.86, 93.76,  0.00
 55.92, 70.15,  0.00
 55.98, 46.33,  0.00
 56.05, 95.09,  0.00
 56.13, 32.86,  0.00
 56.18, 54.92,  0.00
 56.25, 90.88,  0.00
 56.32,168.71,  0.00
 56.38, 86.71,  0.00
 56.47, 14.02,  0.00
 56.52, 62.11,  0.00
 56.59,352.06,  0.00
 56.65,343.88,  0.00
 56.73,114.85,  0.00
 56.79, 89.60,  0.00
 56.87, 57.73,  0.00
 56.92,129.99,  0.00
 57.00,176.10,  0.00
 57.05,  8.40,  0.00
 57.12,  9.03,  0.00
 57.19,220.91,  0.00
 57.26,394.63,  0.00
 57.34,355.16,  0.00
 57.39,366.86,  0.00
 57.46,257.62,  0.00
 57.52,194.96,  0.00
 57.60,198.87,  0.00
 57.66,199.45,  0.00
 57.72,175.25,  0.00
 57.79,232.80,  0.00
 57.87,251.22,  0.00
 57.93,249.26,  0.00
 57.99,259.79,  0.00
 58.06,290.84,  0.00
 58.14,282.04,  0.00
 58.19, 49.30,  0.00
 58.26,317.94,  0.00
 58.33,347.91,  0.00
 58.40,355.07,  0.00
 58.48,285.63,  0.00
 58.53,139.58,  0.00
 58.60, 79.59,  0.00
 58.66, 62.93,  0.00
 58.74,103.41,  0.00
 58.80,241.16,  0.00
 58.86,261.43,  0.00
 58.93,276.31,  0.00
 59.01,302.60,  0.00
 59.06,304.32,  0.00
 59.13,345.07,  0.00
 59.20,290.25,  0.00
 59.27,318.30,  0.00
 59.35,263.93,  0.00
 59.40,247.51,  0.00
 59.47,250.65,  0.00
 59.53,259.73,  0.00
 59.62,262.26,  0.00
 59.67,236.11,  0.00
 59.74,239.81,  0.00
 59.80,259.29,  0.00
 59.88,230.09,  0.00
 59.94,208.13,  0.00
 60.00,237.27,  0.00
 60.07,295.92,  0.00
 60.15,331.73,  0.00
 60.20,275.05,  0.00
 60.27,244.67,  0.00
 60.34,280.71,  0.00
 60.40,186.86,  0.00
 60.49,183.69,  0.00
 60.54,194.93,  0.00
 60.61,216.21,  0.00
 60.68,228.74,  0.00
 60.74,189.86,  0.00
 60.81,196.16,  0.00
 60.87,193.01,  0.00
 60.94,153.03,  0.00
 61.02,148.76,  0.00
 61.07,140.69,  0.00
 61.14,139.48,  0.00
 61.21,153.85,  0.00
 61.29,159.99,  0.00
 61.34,190.83,  0.00
 61.41,161.11,  0.00
 61.48,272.48,  0.00
 61.54,276.04,  0.00
 61.62,596.09,  0.00
 61.68,549.14,  0.00
 61.74,340.73,  0.00
 61.81,210.52,  0.00
 61.89,191.19,  0.00
 61.95,188.06,  0.00
 62.01,173.85,  0.00
 62.08,184.81,  0.00
 62.16,200.73,  0.00
 62.21,131.30,  0.00
 62.28,151.27,  0.00
 62.35,293.92,  0.00
 62.42,245.46,  0.00
 62.49,188.78,  0.00
 62.55,180.94,  0.00
 62.62,157.34,  0.00
 62.68,140.69,  0.00
 62.76,151.21,  0.00
 62.82,170.16,  0.00
 62.88,171.58,  0.00
 62.95,155.01,  0.00
 63.03,173.42,  0.00
 63.08,139.99,  0.00
 63.15,116.24,  0.00
 63.22,115.96,  0.00
 63.30,123.08,  0.00
 63.35,182.86,  0.00
 63.42,196.37,  0.00
 63.49,229.09,  0.00
 63.55,260.47,  0.00
 63.63,234.39,  0.00
 63.69,123.52,  0.00
 63.75,242.71,  0.00
 63.82,211.19,  0.00
 63.91,197.68,  0.00
 63.96,198.51,  0.00
 64.02,192.34,  0.00
 64.09,220.01,  0.00
 64.17,184.51,  0.00
 64.22,185.53,  0.00
 64.29,194.67,  0.00
 64.36,244.32,  0.00
 64.43,246.87,  0.00
 64.50,243.67,  0.00
 64.56,208.29,  0.00
 64.63,150.69,  0.00
 64.69, 76.97,  0.00
 64.77, 56.37,  0.00
 64.83, 68.25,  0.00
 64.91, 82.04,  0.00
 64.96,166.84,  0.00
 65.04, 23.18,  0.00
 65.10, 21.39,  0.00
 65.16, 50.59,  0.00
 65.23,  7.71,  1.00
 65.31,  8.90,  1.00
 65.36,  2.56,  1.00
 65.43,  2.58,  1.00
 65.50,  5.57,  1.00
 65.56, 40.68,  0.00
 65.65, 73.87,  0.00
 65.70, 97.47,  0.00
 65.76,187.60,  0.00
 65.83,215.46,  0.00
 65.91,299.10,  0.00
 65.97,313.44,  0.00
 66.03,308.54,  0.00
 66.10,251.89,  0.00
 66.18,230.34,  0.00
 66.23,123.06,  0.00
 66.30,191.23,  0.00
 66.37,301.42,  0.00
 66.43,316.92,  0.00
 66.52,267.58,  0.00
 66.57,236.49,  0.00
 66.64,270.60,  0.00
 66.70,169.58,  0.00
 66.78,  8.06,  0.00
 66.84, 79.58,  0.00
 66.90,261.30,  0.00
 66.97,155.99,  0.00
 67.05, 10.56,  0.00
 67.11, 89.02,  0.00
 67.17, 15.43,  0.00
 67.24, 11.37,  0.00
 67.32, 29.52,  0.00
 67.37,  7.47,  0.00
 67.44, 97.53,  0.00
 67.51, 25.52,  0.00
 67.57, 95.61,  0.00
 67.65,214.87,  0.00
 67.71,240.70,  0.00
 67.77,242.72,  0.00
 67.84,246.61,  0.00
 67.92,274.90,  0.00
 67.98,270.03,  0.00
 68.04,203.38,  0.00
 68.11, 23.51,  0.00
 68.19,299.03,  0.00
 68.24,359.58,  0.00
 68.31,326.22,  0.00
 68.38,389.50,  0.00
 68.44,178.85,  0.00
 68.53,116.03,  0.00
 68.58,178.60,  0.00
 68.65,232.16,  0.00
 68.71,225.85,  0.00
 68.79,159.64,  0.00
 68.85, 49.15,  0.00
 68.92,224.03,  0.00
 68.98,247.30,  0.00
 69.06,242.82,  0.00
 69.11,250.99,  0.00
 69.18,245.28,  0.00
 69.25,210.06,  0.00
 69.32,226.48,  0.00
 69.40,241.47,  0.00
 69.45,260.11,  0.00
 69.52,277.57,  0.00
 69.58,282.05,  0.00
 69.67,198.53,  0.00
 69.72, 96.66,  0.00
 69.78, 43.24,  0.00
 69.85, 27.85,  0.00
 69.93, 20.59,  0.00
 69.99,  5.81,  1.00
 70.05,  7.91,  1.00
 70.12,  1.94,  1.00
 70.20,  1.57,  1.00
 70.25,  7.31,  1.00
 70.32, 40.59,  0.00
 70.39, 53.51,  0.00
 70.46, 62.15,  0.00
 70.54, 92.46,  0.00
 70.59, 48.23,  0.00
 70.65,142.81,  0.00
 70.73,208.86,  0.00
 70.79,152.59,  0.00
 70.86, 15.98,  0.00
 70.93,  5.08,  0.00
 70.99, 39.46,  0.00
 71.07, 30.26,  0.00
 71.13, 61.44,  0.00
 71.19,  3.74,  0.00
 71.26, 89.44,  0.00
 71.32,120.68,  0.00
 71.41,145.36,  0.00
 71.46,160.91,  0.00
 71.53, 53.26,  0.00
 71.59,  6.90,  0.00
 71.68,  2.94,  0.00
 71.73, 14.36,  0.00
 71.79, 13.09,  0.00
 71.86,  2.75,  1.00
 71.94,  4.77,  1.00
 72.00,  3.44,  1.00
 72.06,  8.35,  1.00
 72.13, 19.67,  0.00
 72.21, 62.94,  0.00
 72.26,299.89,  0.00
 72.33,303.05,  0.00
 72.40,324.44,  0.00
 72.46,306.66,  0.00
 72.55,309.70,  0.00
 72.60,280.37,  0.00
 72.67,233.49,  0.00
 72.73,158.59,  0.00
 72.81,122.28,  0.00
 72.87,124.15,  0.00
 72.93,204.81,  0.00
 73.00,195.11,  0.00
 73.08,181.83,  0.00
 73.13, 28.39,  0.00
 73.20,151.05,  0.00
 73.27,183.04,  0.00
 73.34, 95.72,  0.00
 73.42,176.15,  0.00
 73.47, 70.52,  0.00
 73.54, 60.22,  0.00
 73.60, 84.90,  0.00
 73.68, 36.67,  0.00
 73.74,  7.81,  0.00
 73.81, 13.99,  0.00
 73.87,  2.97,  1.00
 73.95,  2.45,  1.00
 74.01,  1.75,  1.00
 74.07,  1.80,  1.00
 74.14,  1.52,  1.00
 74.22,  3.17,  1.00
 74.28,  2.81,  1.00
 74.34,  2.30,  1.00
 74.41,  1.60,  1.00
 74.47,  2.08,  1.00
 74.56,  4.19,  1.00
 74.61,  4.29,  1.00
 74.68,  1.59,  1.00
 74.74,  3.37,  1.00
 74.83, 27.24,  0.00
 74.88, 22.25,  0.00
 74.94, 14.32,  0.00
 75.01, 26.36,  0.00
 75.09,148.44,  0.00
 75.14,249.83,  0.00
 75.21,228.15,  0.00
 75.28,258.71,  0.00
 75.35,196.47,  0.00
 75.43,166.16,  0.00
 75.48,143.12,  0.00
 75.55,169.88,  0.00
 75.61,266.40,  0.00
 75.69,235.43,  0.00
 75.75,183.45,  0.00
 75.81,261.68,  0.00
 75.88,285.65,  0.00
 75.96,295.31,  0.00
 76.02,288.37,  0.00
 76.08,222.25,  0.00
 76.15,262.86,  0.00
 76.23,231.64,  0.00
 76.28,184.04,  0.00
 76.35,332.13,  0.00
 76.42,271.73,  0.00
 76.48,269.51,  0.00
 76.57,182.32,  0.00
 76.62,184.57,  0.00
 76.68, 82.26,  0.00
 76.75,203.99,  0.00
 76.83,177.23,  0.00
 76.89,143.91,  0.00
 76.95,219.43,  0.00
 77.02,229.21,  0.00
 77.10,209.80,  0.00
 77.15,222.61,  0.00
 77.22,226.27,  0.00
 77.29,226.96,  0.00
 77.36,225.28,  0.00
 77.44,188.54,  0.00
 77.49,260.34,  0.00
 77.56,271.18,  0.00
 77.62,332.48,  0.00
 77.71,319.65,  0.00
 77.76,249.28,  0.00
 77.82,243.66,  0.00
 77.89,225.57,  0.00
 77.97,260.73,  0.00
 78.03,296.42,  0.00
 78.09,291.44,  0.00
 78.16, 75.04,  0.00
 78.24,131.39,  0.00
 78.29,103.02,  0.00
 78.36,121.39,  0.00
 78.43,112.42,  0.00
 78.49,  2.53,  0.00
 78.58,  2.55,  0.00
 78.64,239.49,  0.00
 78.69,268.72,  0.00
 78.76,213.54,  0.00
 78.84,192.14,  0.00
 78.90,183.89,  0.00
 78.96,205.52,  0.00
 79.03,233.70,  0.00
 79.11,233.85,  0.00
 79.17,216.76,  0.00
 79.25,220.13,  0.00
 79.30,209.90,  0.00
 79.36,227.30,  0.00
 79.45,248.46,  0.00
 79.50,205.53,  0.00
 79.57,165.95,  0.00
 79.63,492.41,  0.00
 79.72,485.64,  0.00
 79.78,407.82,  0.00
 79.84,339.79,  0.00
 79.90,269.68,  0.00
 79.98,270.44,  0.00
 80.04,281.69,  0.00
 80.10,307.63,  0.00
 80.17,238.33,  0.00
 80.25,226.18,  0.00
 80.30,215.58,  0.00
 80.37,227.19,  0.00
 80.44,169.09,  0.00
 80.50,224.35,  0.00
 80.59,162.68,  0.00
 80.64,222.22,  0.00
 80.71, 16.84,  0.00
 80.77, 35.05,  0.00
 80.85,  4.36,  0.00
 80.91, 26.22,  0.00
 80.97,284.80,  0.00
 81.04,193.38,  0.00
 81.12,221.40,  0.00
 81.18,195.64,  0.00
 81.24,195.89,  0.00
 81.31,224.97,  0.00
 81.39,286.91,  0.00
 81.44,313.25,  0.00
 81.51,374.18,  0.00
 81.58,248.17,  0.00
 81.66,186.78,  0.00
 81.71,179.84,  0.00
 81.78,187.20,  0.00
 81.84,208.11,  0.00
 81.91,251.65,  0.00
 81.99,241.51,  0.00
 82.05,215.15,  0.00
 82.11,208.52,  0.00
 82.18,205.84,  0.00
 82.26,166.83,  0.00
 82.32,164.69,  0.00
 82.38,155.11,  0.00
 82.45,167.80,  0.00
 82.51,206.39,  0.00
 82.60,182.71,  0.00
 82.65,177.54,  0.00
 82.71,177.70,  0.00
 82.78,181.51,  0.00
 82.86,186.53,  0.00
 82.92,205.49,  0.00
 82.98,273.95,  0.00
 83.05,236.72,  0.00
 83.13, 98.61,  0.00
 83.18, 77.51,  0.00
 83.25,173.46,  0.00
 83.32, 96.00,  0.00
 83.39, 62.69,  0.00
 83.47,  8.60,  0.00
 83.52, 50.52,  0.00
 83.59, 21.67,  0.00
 83.65, 56.03,  0.00
 83.73, 65.80,  0.00
 83.79,177.56,  0.00
 83.85, 47.22,  0.00
 83.92,123.98,  0.00
 84.00, 52.04,  0.00
 84.06,165.28,  0.00
 84.12,245.56,  0.00
 84.19,227.41,  0.00
 84.27,211.32,  0.00
 84.32,178.95,  0.00
 84.39,151.13,  0.00
 84.46, 76.01,  0.00
 84.53,112.94,  0.00
 84.61,104.65,  0.00
 84.66,116.70,  0.00
 84.72, 46.44,  0.00
 84.79,  6.70,  1.00
 84.87,  7.22,  1.00
 84.93,  2.01,  1.00
 84.99,  2.07,  1.00
 85.06,  3.40,  1.00
 85.14,  5.86,  1.00
 85.19,  5.85,  1.00
 85.26, 17.45,  0.00
 85.33, 27.68,  0.00
 85.40,  8.00,  0.00
 85.48, 22.73,  0.00
 85.53,130.40,  0.00
 85.60,197.30,  0.00
 85.66,199.10,  0.00
 85.74,192.38,  0.00
 85.80,117.73,  0.00
 85.86,143.15,  0.00
 85.93,148.20,  0.00
 86.01, 72.35,  0.00
 86.07, 19.03,  0.00
 86.13, 16.17,  0.00
 86.20,  8.92,  1.00
 86.27,  4.40,  1.00
 86.35,  5.43,  1.00
 86.40,  2.54,  1.00
 86.47,  2.22,  1.00
 86.53,  7.32,  1.00
 86.62,234.18,  0.00
 86.67,317.22,  0.00
 86.74,290.66,  0.00
 86.80,291.44,  0.00
 86.88,290.63,  0.00
 86.94,180.77,  0.00
 87.00, 78.10,  0.00
 87.07, 88.80,  0.00
 87.15, 65.28,  0.00
 87.20, 19.82,  0.00
 87.27, 12.50,  0.00
 87.34, 11.58,  0.00
 87.41, 16.97,  0.00
 87.49, 37.94,  0.00
 87.54, 41.30,  0.00
 87.61, 30.38,  0.00
 87.67, 30.83,  0.00
 87.75, 17.03,  0.00
 87.81, 23.74,  0.00
 87.87, 25.98,  0.00
 87.94, 26.31,  0.00
 88.02, 12.51,  0.00
 88.08, 73.98,  0.00
 88.14,233.83,  0.00
 88.21,342.53,  0.00
 88.29,356.86,  0.00
 88.34,322.58,  0.00
 88.41,237.63,  0.00
 88.48,187.87,  0.00
 88.54, 92.10,  0.00
 88.63,162.43,  0.00
 88.68,144.90,  0.00
 88.75, 93.63,  0.00
 88.81,172.37,  0.00
 88.89, 72.97,  0.00
 88.95, 62.51,  0.00
 89.01, 38.56,  0.00
 89.08,  2.70,  0.00
 89.16, 14.07,  0.00
 89.21, 10.76,  0.00
 89.28,  3.66,  0.00
 89.35, 12.93,  0.00
 89.42,  9.04,  1.00
 89.50,  5.35,  1.00
 89.55,  3.16,  1.00
 89.62,  3.40,  1.00
 89.68,  1.46,  1.00
 89.76,  2.59,  1.00
 89.82,  2.08,  1.00
 89.88,  1.57,  1.00
 89.95,  2.45,  1.00
 90.03, 13.19,  0.00
 90.08, 21.92,  0.00
 90.15, 25.24,  0.00
 90.22,  7.10,  0.00
 90.29, 11.51,  0.00
 90.37,  6.08,  0.00
 90.42,  2.83,  0.00
 90.49,  5.41,  0.00
 90.56, 20.03,  0.00
 90.64, 18.17,  0.00
 90.69, 64.13,  0.00
 90.75,  5.74,  1.00
 90.82,  3.23,  1.00
 90.90,  3.16,  1.00
 90.96,  5.86,  1.00
 91.02, 29.05,  0.00
 91.09, 49.28,  0.00
 91.17,127.48,  0.00
 91.23,159.42,  0.00
 91.29,271.63,  0.00
 91.36,266.16,  0.00
 91.43,257.64,  0.00
 91.51,245.93,  0.00
 91.56,208.94,  0.00
 91.63,205.06,  0.00
 91.69,197.86,  0.00
 91.77,215.18,  0.00
 91.83,104.12,  0.00
 91.89,200.81,  0.00
 91.96,193.42,  0.00
 92.04,198.25,  0.00
 92.10,217.23,  0.00
 92.16,308.20,  0.00
 92.23,320.61,  0.00
 92.31,292.10,  0.00
 92.36, 99.96,  0.00
 92.43,  9.86,  0.00
 92.50,  3.27,  0.00
 92.56,  7.45,  0.00
 92.65,227.52,  0.00
 92.70,218.52,  0.00
 92.76,236.63,  0.00
 92.83,256.86,  0.00
 92.91,269.78,  0.00
 92.97,222.18,  0.00
 93.03,267.83,  0.00
 93.10,359.57,  0.00
 93.18,331.63,  0.00
 93.23,322.46,  0.00
 93.30,333.43,  0.00
 93.37,323.44,  0.00
 93.43,309.96,  0.00
 93.52,272.77,  0.00
 93.57,335.78,  0.00
 93.64,358.99,  0.00
 93.70,325.07,  0.00
 93.78,279.52,  0.00
 93.84, 74.21,  0.00
 93.90, 62.83,  0.00
 93.97,242.42,  0.00
 94.05,203.25,  0.00
 94.11,168.28,  0.00
 94.17,148.35,  0.00
 94.24,156.81,  0.00
 94.31,143.51,  0.00
 94.39,133.39,  0.00
 94.44,125.78,  0.00
 94.51,126.94,  0.00
 94.57,128.87,  0.00
 94.65,114.41,  0.00
 94.71,113.89,  0.00
 94.78,106.43,  0.00
 94.84,100.80,  0.00
 94.92, 95.98,  0.00
 94.98, 88.88,  0.00
 95.04, 95.22,  0.00
 95.11,114.72,  0.00
 95.19,131.63,  0.00
 95.25,139.66,  0.00
 95.31,121.52,  0.00
 95.38,144.40,  0.00
 95.46,140.74,  0.00
 95.51,134.32,  0.00
 95.58,122.09,  0.00
 95.65,134.23,  0.00
 95.71,135.49,  0.00
 95.79,158.36,  0.00
 95.85,183.74,  0.00
 95.91,140.62,  0.00
 95.98,127.26,  0.00
 96.06,115.35,  0.00
 96.12,112.65,  0.00
 96.18,117.35,  0.00
 96.25,108.62,  0.00
 96.33,123.43,  0.00
 96.38,140.93,  0.00
 96.45,134.55,  0.00
 96.52,126.76,  0.00
 96.58,108.35,  0.00
 96.67,111.16,  0.00
 96.72,109.98,  0.00
 96.79,105.03,  0.00
 96.85,108.88,  0.00
 96.93,126.09,  0.00
 96.99,136.14,  0.00
 97.05,116.63,  0.00
 97.12, 99.69,  0.00
 97.20,109.84,  0.00
 97.25,119.96,  0.00
 97.32,141.27,  0.00
 97.39,161.82,  0.00
 97.47,146.34,  0.00
 97.52,104.26,  0.00
 97.59,102.75,  0.00
 97.66, 96.22,  0.00
 97.72,109.59,  0.00
 97.80,109.03,  0.00
 97.86,108.78,  0.00
 97.93, 99.55,  0.00
 97.99,106.64,  0.00
 98.08,105.22,  0.00
 98.13,109.61,  0.00
 98.19,103.16,  0.00
 98.26,107.51,  0.00
 98.34,127.24,  0.00
 98.39,129.24,  0.00
 98.46,166.82,  0.00
 98.53,162.41,  0.00
 98.60,172.17,  0.00
 98.68,180.13,  0.00
 98.73,191.21,  0.00
 98.80,209.48,  0.00
 98.86,176.56,  0.00
 98.94,158.08,  0.00
 99.00,141.49,  0.00
 99.07,136.22,  0.00
 99.13,131.12,  0.00
 99.21,117.36,  0.00
 99.27,115.39,  0.00
 99.33,108.28,  0.00
 99.40,111.59,  0.00
 99.48,110.62,  0.00
 99.53,118.28,  0.00
 99.60,129.44,  0.00
 99.67,151.80,  0.00
 99.73,177.25,  0.00
 99.82,160.85,  0.00
 99.87,164.52,  0.00
 99.93,160.75,  0.00
100.00,186.80,  0.00
100.08,162.80,  0.00
100.14,137.19,  0.00
100.20,125.95,  0.00
100.27,118.08,  0.00
100.35,108.90,  0.00
100.40,101.90,  0.00
100.47,131.60,  0.00
100.54,133.71,  0.00
100.60,157.69,  0.00
100.69,199.01,  0.00
100.74,146.52,  0.00
100.81,122.61,  0.00
100.88, 94.67,  0.00
100.94, 96.12,  0.00
101.01,108.85,  0.00
101.07,122.58,  0.00
101.14,132.18,  0.00
101.22,137.95,  0.00
101.28,133.88,  0.00
101.34,146.36,  0.00
101.41,148.95,  0.00
101.49,138.05,  0.00
101.54,146.86,  0.00
101.61,135.42,  0.00
101.68,146.49,  0.00
101.74,158.26,  0.00
101.82,277.20,  0.00
101.88,185.49,  0.00
101.94,158.75,  0.00
102.01,128.83,  0.00
102.09,124.25,  0.00
102.15,119.73,  0.00
102.21,131.35,  0.00
102.28,165.48,  0.00
102.36,167.80,  0.00
102.41,156.65,  0.00
102.48,135.50,  0.00
102.55,138.17,  0.00
102.63,135.01,  0.00
102.68,118.13,  0.00
102.75,102.00,  0.00
102.82, 90.16,  0.00
102.88, 84.02,  0.00
102.96, 83.43,  0.00
103.02, 86.79,  0.00
103.08, 88.68,  0.00
103.15, 99.10,  0.00
103.23, 95.73,  0.00
103.28, 74.93,  0.00
103.35, 73.56,  0.00
103.42, 70.84,  0.00
103.49, 91.36,  0.00
103.57,162.54,  0.00
103.62,169.49,  0.00
103.69,145.01,  0.00
103.75,148.24,  0.00
103.83,178.46,  0.00
103.89,134.14,  0.00
103.95,129.31,  0.00
104.02,110.08,  0.00
104.10,105.38,  0.00
104.16,122.82,  0.00
104.22,130.24,  0.00
104.29,122.52,  0.00
104.37, 89.08,  0.00
104.44, 79.95,  0.00
104.49, 79.10,  0.00
104.56, 77.63,  0.00
104.64, 73.98,  0.00
104.69, 70.84,  0.00
104.76, 73.18,  0.00
104.83, 78.81,  0.00
104.89, 91.87,  0.00
104.97, 99.83,  0.00
105.03,103.14,  0.00
105.09,120.11,  0.00
105.16,202.16,  0.00
105.24,207.76,  0.00
105.29,179.12,  0.00
105.36,234.67,  0.00
105.43,167.70,  0.00
105.50,167.09,  0.00
105.58,195.61,  0.00
105.63,192.27,  0.00
105.70,213.57,  0.00
105.76,200.60,  0.00
105.85,332.94,  0.00
105.90,294.51,  0.00
105.96,365.71,  0.00
106.03,293.49,  0.00
106.11,211.75,  0.00
106.17,185.73,  0.00
106.23,272.44,  0.00
106.30,182.62,  0.00
106.38,167.72,  0.00
106.43,317.10,  0.00
106.50,276.61,  0.00
106.57,191.25,  0.00
106.63,187.28,  0.00
106.71,167.62,  0.00
106.77,132.14,  0.00
106.83,135.25,  0.00
106.90,136.87,  0.00
106.98,126.87,  0.00
107.04,128.02,  0.00
107.10,109.35,  0.00
107.17,104.07,  0.00
107.25, 92.65,  0.00
107.31,102.08,  0.00
107.37,101.06,  0.00
107.44,110.28,  0.00
107.50,107.83,  0.00
107.59,111.17,  0.00
107.64,107.53,  0.00
107.71,133.25,  0.00
107.77,153.08,  0.00
107.85,164.30,  0.00
107.91,159.88,  0.00
107.97,137.38,  0.00
108.05,140.40,  0.00
108.11,135.12,  0.00
108.19,164.42,  0.00
108.24,159.65,  0.00
108.31,136.94,  0.00
108.39,123.98,  0.00
108.44,115.16,  0.00
108.51,140.88,  0.00
108.58,154.63,  0.00
108.64,199.36,  0.00
108.73,258.77,  0.00
108.78,225.11,  0.00
108.85,183.08,  0.00
108.91,128.18,  0.00
108.99,118.78,  0.00
109.05,117.08,  0.00
109.11,131.69,  0.00
109.18,159.95,  0.00
109.26,174.12,  0.00
109.32,185.16,  0.00
109.38,156.43,  0.00
109.45,156.30,  0.00
109.52,164.48,  0.00
109.60,189.19,  0.00
109.65,238.84,  0.00
109.72,229.33,  0.00
109.78,221.67,  0.00
109.86,254.06,  0.00
109.92,283.87,  0.00
109.98,257.74,  0.00
110.05,262.40,  0.00
110.13,244.94,  0.00
110.19,270.03,  0.00
110.25,394.83,  0.00
110.32,368.20,  0.00
110.40,285.57,  0.00
110.45,241.59,  0.00
110.52,211.27,  0.00
110.59,188.77,  0.00
110.65,170.58,  0.00
110.74,160.93,  0.00
110.79,157.66,  0.00
110.86,113.22,  0.00
110.92, 92.41,  0.00
111.00, 87.71,  0.00
111.06, 92.32,  0.00
111.12,115.83,  0.00
111.19,116.97,  0.00
111.27,115.17,  0.00
111.33,122.03,  0.00
111.39,141.98,  0.00
111.46,193.37,  0.00
111.53,235.54,  0.00
111.61,179.69,  0.00
111.66,162.54,  0.00
111.73,197.48,  0.00
111.79,188.30,  0.00
111.87,205.12,  0.00
111.93,292.66,  0.00
111.99,365.87,  0.00
112.06,293.09,  0.00
112.14,207.67,  0.00
112.19,281.12,  0.00
112.26,190.51,  0.00
112.33,136.14,  0.00
112.41,206.26,  0.00
112.46,174.05,  0.00
112.53,347.02,  0.00
112.60,195.89,  0.00
112.67,148.33,  0.00
112.75,112.07,  0.00
112.80, 97.58,  0.00
112.87, 89.78,  0.00
112.94,102.54,  0.00
113.00,130.28,  0.00
113.07,103.53,  0.00
113.13,109.04,  0.00
113.20,136.89,  0.00
113.28,122.70,  0.00
113.33,104.87,  0.00
113.40, 92.90,  0.00
113.47, 93.56,  0.00
113.55, 91.02,  0.00
113.60, 81.63,  0.00
113.68, 82.49,  0.00
113.74, 87.04,  0.00
113.80, 84.84,  0.00
113.88,107.36,  0.00
113.94,120.48,  0.00
114.00,118.01,  0.00
114.07,113.55,  0.00
114.15,138.99,  0.00
114.21,152.71,  0.00
114.27,148.14,  0.00
114.34,130.14,  0.00
114.42,146.09,  0.00
114.47,140.50,  0.00
114.54,130.48,  0.00
114.61,108.98,  0.00
114.68,106.05,  0.00
114.75,110.48,  0.00
114.81,113.37,  0.00
114.88,126.28,  0.00
114.95,123.83,  0.00
115.01,114.73,  0.00
115.08,109.59,  0.00
115.14,108.41,  0.00
115.21,112.77,  0.00
115.29,146.93,  0.00
115.35,121.46,  0.00
115.41, 98.80,  0.00
115.48,109.15,  0.00
115.56,206.05,  0.00
115.61,144.05,  0.00
115.68,130.74,  0.00
115.75,137.90,  0.00
115.81,151.57,  0.00
115.89,140.76,  0.00
115.95,162.26,  0.00
116.01,167.79,  0.00
116.08,138.85,  0.00
116.16, 91.58,  0.00
116.22, 74.63,  0.00
116.28, 69.23,  0.00
116.35, 66.44,  0.00
116.43, 70.65,  0.00
116.48, 92.02,  0.00
116.55,121.20,  0.00
116.62,159.72,  0.00
116.68,247.76,  0.00
116.76,236.36,  0.00
116.82,266.67,  0.00
116.89,285.35,  0.00
116.95,255.18,  0.00
117.03,220.36,  0.00
117.09,209.79,  0.00
117.17,223.45,  0.00
117.22,208.64,  0.00
117.30,230.13,  0.00
117.36,236.90,  0.00
117.42,255.36,  0.00
117.49,203.85,  0.00
117.57,225.51,  0.00
117.62,257.80,  0.00
117.69,239.89,  0.00
117.76,216.91,  0.00
117.82,210.96,  0.00
117.90,206.33,  0.00
117.96,184.58,  0.00
118.03, 87.12,  0.00
118.09, 11.39,  0.00
118.17,  5.04,  1.00
118.23,  4.50,  1.00
118.29,  4.97,  1.00
118.36,  4.70,  1.00
118.44, 16.75,  0.00
118.49,  8.71,  1.00
118.56,  4.36,  1.00
118.63,  5.15,  1.00
118.69,  1.49,  1.00
118.78,  3.73,  1.00
118.83, 10.73,  0.00
118.89,  2.56,  0.00
118.96, 11.62,  0.00
119.04,277.86,  0.00
119.10,298.37,  0.00
119.16,291.10,  0.00
119.23,247.27,  0.00
119.31,238.91,  0.00
119.36,242.19,  0.00
119.43,248.43,  0.00
119.50,200.72,  0.00
119.58,193.82,  0.00
119.64,216.81,  0.00
119.70,224.24,  0.00
119.77,234.50,  0.00
119.83,226.79,  0.00
119.92,232.98,  0.00
119.97,190.71,  0.00
120.03, 47.68,  0.00
120.10, 20.03,  0.00
120.17,  4.65,  1.00
120.24,  6.41,  1.00
120.30,  7.99,  1.00
120.37,  1.96,  1.00
120.44,150.86,  0.00
120.52,298.62,  0.00
120.57,300.82,  0.00
120.64,269.64,  0.00
120.71,202.79,  0.00
120.79,181.90,  0.00
120.84,157.30,  0.00
120.90,163.27,  0.00
120.98,163.03,  0.00
121.04,181.36,  0.00
121.11,164.47,  0.00
121.17,113.18,  0.00
121.24, 33.24,  0.00
121.32, 55.36,  0.00
121.37,275.35,  0.00
121.44,206.82,  0.00
121.51,189.21,  0.00
121.58,193.45,  0.00
121.66,192.40,  0.00
121.71,261.95,  0.00
121.78,265.08,  0.00
121.84,217.39,  0.00
121.92,282.95,  0.00
121.98,131.86,  0.00
122.04,334.35,  0.00
122.11,318.63,  0.00
122.19,312.91,  0.00
122.25,339.53,  0.00
122.31,276.72,  0.00
122.38,293.06,  0.00
122.46,300.07,  0.00
122.52,289.77,  0.00
122.58,366.21,  0.00
122.65,346.06,  0.00
122.71,266.93,  0.00
122.79,188.78,  0.00
122.85,170.19,  0.00
122.92,142.55,  0.00
122.98,143.01,  0.00
123.06,140.04,  0.00
123.12,150.61,  0.00
123.18,153.09,  0.00
123.25,145.20,  0.00
123.33,144.80,  0.00
123.39,135.91,  0.00
123.45,120.12,  0.00
123.52,120.72,  0.00
123.60,137.70,  0.00
123.65,158.73,  0.00
123.72,145.48,  0.00
123.79,136.43,  0.00
123.85,128.51,  0.00
123.93,136.28,  0.00
123.99,128.04,  0.00
124.05,120.24,  0.00
124.12,109.34,  0.00
124.20,137.34,  0.00
124.26,149.91,  0.00
124.32,135.41,  0.00
124.39,160.55,  0.00
124.46,170.41,  0.00
124.54,186.44,  0.00
124.59,193.08,  0.00
124.66,206.26,  0.00
124.72,268.46,  0.00
124.81,250.69,  0.00
124.86,243.53,  0.00
124.93,235.75,  0.00
124.99, 45.55,  0.00
125.07, 43.33,  0.00
125.13,  7.28,  0.00
125.19,  2.83,  0.00
125.26,224.44,  0.00
125.34,159.43,  0.00
125.39,124.87,  0.00
125.46, 98.45,  0.00
125.53, 95.44,  0.00
125.60,105.73,  0.00
125.68,142.81,  0.00
125.73,149.53,  0.00
125.80,109.97,  0.00
125.86, 92.38,  0.00
125.94, 91.49,  0.00
126.00, 97.23,  0.00
126.07,124.18,  0.00
126.13,163.89,  0.00
126.21,194.66,  0.00
126.27,336.66,  0.00
126.33,302.36,  0.00
126.40,329.74,  0.00
126.47,243.96,  0.00
126.55,346.87,  0.00
126.60,354.26,  0.00
126.67,390.86,  0.00
126.74,337.73,  0.00
126.82,191.64,  0.00
126.87,159.40,  0.00
126.93,142.73,  0.00
127.00,133.73,  0.00
127.08,139.67,  0.00
127.14,184.77,  0.00
127.20,156.42,  0.00
127.27,126.44,  0.00
127.35,134.70,  0.00
127.40,140.31,  0.00
127.47,145.22,  0.00
127.54,151.10,  0.00
127.62,148.64,  0.00
127.67,175.33,  0.00
127.74,149.70,  0.00
127.81,159.85,  0.00
127.87,170.28,  0.00
127.96,201.74,  0.00
128.01,170.31,  0.00
128.07,182.20,  0.00
128.14,206.43,  0.00
128.22,210.97,  0.00
128.28,198.20,  0.00
128.34,289.55,  0.00
128.41,206.13,  0.00
128.48,204.91,  0.00
128.56,206.05,  0.00
128.61,225.64,  0.00
128.68,251.43,  0.00
128.76,266.23,  0.00
128.81,260.76,  0.00
128.88,224.57,  0.00
128.95,214.97,  0.00
129.01,207.72,  0.00
129.09,217.69,  0.00
129.15,234.71,  0.00
129.21,266.40,  0.00
129.28,239.16,  0.00
129.36,255.02,  0.00
129.41,188.16,  0.00
129.48,223.33,  0.00
129.55,378.44,  0.00
129.62,345.61,  0.00
129.70,271.34,  0.00
129.75,207.74,  0.00
129.82,332.94,  0.00
129.88,146.37,  0.00
129.96, 27.82,  0.00
130.02, 70.13,  0.00
130.09, 24.17,  0.00
130.15,124.52,  0.00
130.23, 26.85,  0.00
130.29, 34.83,  0.00
130.35, 25.28,  0.00
130.42,  2.50,  0.00
130.50,  1.84,  0.00
130.55,  5.95,  0.00
130.62, 18.11,  0.00
130.69,  3.45,  0.00
130.75,  2.23,  0.00
130.84, 18.80,  0.00
130.89,  3.98,  0.00
130.96,  2.25,  0.00
131.02, 13.54,  0.00
131.10,  7.11,  0.00
131.16,284.15,  0.00
131.22,255.62,  0.00
131.29,285.36,  0.00
131.37,280.87,  0.00
131.43,266.64,  0.00
131.49,244.66,  0.00
131.56,277.34,  0.00
131.63,244.11,  0.00
131.71,206.92,  0.00
131.76,383.17,  0.00
131.83,336.46,  0.00
131.90,317.38,  0.00
131.96,312.22,  0.00
132.03,349.59,  0.00
132.09,328.83,  0.00
132.16,288.42,  0.00
132.25,220.13,  0.00
132.30,146.65,  0.00
132.36,145.27,  0.00
132.43,107.90,  0.00
132.51, 53.11,  0.00
132.57, 24.67,  0.00
132.63,  7.71,  0.00
132.70,  7.25,  0.00
132.76, 12.73,  0.00
132.85,  5.55,  1.00
132.90,  4.56,  1.00
132.96,  7.23,  1.00
133.03,  2.18,  1.00
133.11, 14.16,  0.00
133.17,  9.09,  1.00
133.23,  5.83,  1.00
133.30,  4.64,  1.00
133.38,  7.92,  1.00
133.43,  9.71,  1.00
133.50, 23.81,  0.00
133.57,  5.48,  0.00
133.64,  2.96,  0.00
133.72, 23.84,  0.00
133.77,  5.20,  1.00
133.84,  1.78,  1.00
133.92,  2.68,  1.00
133.97,  8.07,  1.00
134.04,  2.38,  1.00
134.10, 31.53,  0.00
134.17,  4.26,  0.00
134.25,273.75,  0.00
134.30,316.11,  0.00
134.37,331.05,  0.00
134.44,330.34,  0.00
134.52,264.94,  0.00
134.57,310.91,  0.00
134.64,454.10,  0.00
134.71,128.25,  0.00
134.77,512.29,  0.00
134.85,443.37,  0.00
134.91,447.33,  0.00
134.98,429.47,  0.00
135.05,499.90,  0.00
135.11,318.65,  0.00
135.18, 35.28,  0.00
135.24, 86.89,  0.00
135.31,170.15,  0.00
135.39,150.03,  0.00
135.45, 46.72,  0.00
135.51, 37.40,  0.00
135.58,  8.75,  1.00
135.65,  6.19,  1.00
135.73,  3.00,  1.00
135.78,  1.85,  1.00
135.85,  8.10,  1.00
135.91,  2.13,  1.00
136.00,  2.66,  1.00
136.05,  1.87,  1.00
136.12,  1.53,  1.00
136.18,  8.58,  1.00
136.27,110.49,  0.00
136.32,190.76,  0.00
136.38, 90.38,  0.00
136.45, 76.92,  0.00
136.53,  2.04,  1.00
136.58,  3.98,  1.00
136.65,  8.46,  1.00
136.72,  2.93,  1.00
136.78, 29.82,  0.00
136.87,  2.16,  0.00
136.92,462.95,  0.00
136.99,404.01,  0.00
137.06,345.87,  0.00
137.12,372.04,  0.00
137.20,450.23,  0.00
137.25,386.02,  0.00
137.32,255.61,  0.00
137.40,227.67,  0.00
137.45,264.03,  0.00
137.52,320.18,  0.00
137.59,357.92,  0.00
137.67,341.92,  0.00
137.72,346.54,  0.00
137.79,319.78,  0.00
137.86,304.48,  0.00
137.92,236.63,  0.00
138.01, 83.29,  0.00
138.06,275.30,  0.00
138.12,327.67,  0.00
138.19,349.26,  0.00
138.27,250.84,  0.00
138.33, 63.56,  0.00
138.39, 19.11,  0.00
138.46, 27.92,  0.00
138.54, 10.20,  0.00
138.59,  6.85,  0.00
138.66,  6.46,  0.00
138.73, 14.69,  0.00
138.79,  6.69,  1.00
138.87,  4.06,  1.00
138.93,  3.01,  1.00
138.99,  4.94,  1.00
139.06,  1.45,  1.00
139.14,  3.57,  1.00
139.20,  2.35,  1.00
139.26,  2.40,  1.00
139.33,  3.52,  1.00
139.41,  3.41,  1.00
139.46,  5.56,  1.00
139.53, 25.62,  0.00
139.60, 10.80,  0.00
139.68, 26.45,  0.00
139.73, 40.73,  0.00
139.80, 35.44,  0.00
139.87, 37.77,  0.00
139.93,  1.62,  1.00
140.01,  3.93,  1.00
140.07,  7.97,  1.00
140.13,  2.60,  1.00
140.20, 18.46,  0.00
140.28,  5.25,  0.00
140.34,  1.56,  0.00
140.40,  3.11,  0.00
140.47, 17.76,  0.00
140.54,  7.41,  1.00
140.62,  1.76,  1.00
140.67,  4.96,  1.00
140.74,  8.03,  1.00
140.80,187.96,  0.00
140.89,312.61,  0.00
140.94,288.08,  0.00
141.01,262.35,  0.00
141.07,245.30,  0.00
141.15,292.01,  0.00
141.21,221.48,  0.00
141.27,418.78,  0.00
141.34,333.26,  0.00
141.42,196.22,  0.00
141.48,385.44,  0.00
141.54,446.63,  0.00
141.61,432.02,  0.00
141.69,446.18,  0.00
141.74,439.26,  0.00
141.81,439.92,  0.00
141.88,389.47,  0.00
141.94,223.71,  0.00
142.02, 73.57,  0.00
142.08, 84.17,  0.00
142.14, 90.98,  0.00
142.21, 92.16,  0.00
142.29, 54.04,  0.00
142.35, 75.48,  0.00
142.41, 58.86,  0.00
142.48,  3.86,  0.00
142.55, 18.69,  0.00
142.63, 13.44,  0.00
142.68,  4.46,  0.00
142.75, 13.98,  0.00
142.83,  2.55,  1.00
142.88,  2.40,  1.00
142.95,  1.70,  1.00
143.02,  5.15,  1.00
143.08,  9.97,  1.00
143.16,  7.28,  1.00
143.22,  4.00,  1.00
143.28,  2.75,  1.00
143.35,  3.43,  1.00
143.43,  2.32,  1.00
143.49,  3.54,  1.00
143.55,354.34,  0.00
143.62,384.00,  0.00
143.68,327.77,  0.00
143.77,322.81,  0.00
143.82,332.25,  0.00
143.89,331.07,  0.00
143.95,386.01,  0.00
144.04,361.42,  0.00
144.09,186.19,  0.00
144.15,264.23,  0.00
144.22,423.72,  0.00
144.30,512.20,  0.00
144.36,566.28,  0.00
144.42,523.21,  0.00
144.49,563.71,  0.00
144.57,279.04,  0.00
144.62, 54.91,  0.00
144.69, 85.13,  0.00
144.76, 91.82,  0.00
144.84, 55.05,  0.00
144.89,  4.96,  1.00
144.96,  3.04,  1.00
145.03,  2.17,  1.00
145.09,  4.94,  1.00
145.17,  1.57,  1.00
145.23,  9.14,  1.00
145.29,  5.48,  1.00
145.36,  3.45,  1.00
145.44, 16.89,  0.00
145.49,  2.46,  1.00
145.56,  2.51,  1.00
145.63,  4.95,  1.00
145.70,  2.20,  1.00
145.78,  6.55,  1.00
145.83,  6.30,  1.00
145.90,  2.29,  1.00
145.98,  2.63,  1.00
146.03,  2.44,  1.00
146.11,  2.37,  1.00
146.16,  1.51,  1.00
146.23,  1.61,  1.00
146.31,  1.88,  1.00
146.37,258.69,  0.00
146.43,336.41,  0.00
146.50,362.01,  0.00
146.57,351.62,  0.00
146.65,316.03,  0.00
146.70,324.90,  0.00
146.77,340.52,  0.00
146.84,370.33,  0.00
146.92,375.38,  0.00
146.97,485.41,  0.00
147.04,396.69,  0.00
147.10,343.89,  0.00
147.18,371.25,  0.00
147.24,403.93,  0.00
147.30,460.82,  0.00
147.37,323.53,  0.00
147.45,109.41,  0.00
147.50, 63.30,  0.00
147.59,158.41,  0.00
147.64, 37.68,  0.00
147.72,  6.97,  0.00
147.77, 29.46,  0.00
147.84, 81.25,  0.00
147.91,103.79,  0.00
147.99, 38.55,  0.00
148.04,  5.99,  0.00
148.11,  1.48,  0.00
148.17,  2.31,  0.00
148.24,184.72,  0.00
148.32,109.76,  0.00
148.37,113.18,  0.00
148.44, 58.38,  0.00
148.51, 43.20,  0.00
148.59, 33.73,  0.00
148.64, 30.28,  0.00
148.71, 43.20,  0.00
148.78, 56.35,  0.00
148.85, 56.36,  0.00
148.93, 30.32,  0.00
148.98, 24.01,  0.00
149.05, 28.65,  0.00
149.12, 43.81,  0.00
149.18, 30.64,  0.00
149.25, 26.92,  0.00
149.31, 30.23,  0.00
149.38, 46.54,  0.00
149.46, 40.16,  0.00
149.51, 82.16,  0.00
149.58, 72.37,  0.00
149.65, 62.55,  0.00
149.73, 27.65,  0.00
149.78, 66.67,  0.00
149.85, 66.11,  0.00
149.92, 51.63,  0.00
149.98, 23.41,  0.00
150.06, 58.05,  0.00
150.12, 55.43,  0.00
150.18, 42.91,  0.00
150.25, 36.86,  0.00
150.33, 34.24,  0.00
150.39, 35.60,  0.00
150.45, 48.65,  0.00
150.52, 86.68,  0.00
150.60,106.14,  0.00
150.65,109.43,  0.00
150.72, 96.60,  0.00
150.79, 89.98,  0.00
150.85, 96.32,  0.00
150.93,127.07,  0.00
150.99,148.11,  0.00
151.05,250.39,  0.00
151.12,241.45,  0.00
151.20,238.34,  0.00
151.26,199.11,  0.00
151.32, 46.06,  0.00
151.39, 63.78,  0.00
151.47, 21.90,  0.00
151.52, 30.76,  0.00
151.59, 75.74,  0.00
151.66, 78.36,  0.00
151.74, 38.22,  0.00
151.79, 23.31,  0.00
151.86, 12.12,  0.00
151.93,  8.89,  1.00
151.99,  7.58,  1.00
152.07,  6.40,  1.00
152.13,  5.19,  1.00
152.19,  4.55,  1.00
152.26,  7.35,  1.00
152.34,266.42,  0.00
152.40,303.87,  0.00
152.46,257.14,  0.00
152.53,240.66,  0.00
152.61,252.74,  0.00
152.66,348.06,  0.00
152.73,241.88,  0.00
152.80, 27.15,  0.00
152.87,  7.25,  0.00
152.95, 13.38,  0.00
153.00, 19.80,  0.00
153.07, 10.13,  0.00
153.14,  3.14,  1.00
153.20,  3.40,  1.00
153.27,  2.45,  1.00
153.33,  1.76,  1.00
153.40,  1.91,  1.00
153.48,  1.77,  1.00
153.54,  1.64,  1.00
153.60,  1.89,  1.00
153.67,  2.34,  1.00
153.75,  1.98,  1.00
153.80,387.52,  0.00
153.87,249.49,  0.00
153.94,242.39,  0.00
154.00,257.69,  0.00
154.08,231.75,  0.00
154.14,269.83,  0.00
154.20,260.49,  0.00
154.27,261.56,  0.00
154.35,278.08,  0.00
154.41,312.55,  0.00
154.47,323.56,  0.00
154.54,270.71,  0.00
154.62,304.61,  0.00
154.67,257.86,  0.00
154.74,349.64,  0.00
154.81,371.72,  0.00
154.87,290.66,  0.00
154.96,241.24,  0.00
155.01,167.95,  0.00
155.07,153.87,  0.00
155.14, 43.26,  0.00
155.22,  5.00,  0.00
155.28,  9.26,  0.00
155.34,  2.49,  0.00
155.41, 22.08,  0.00
155.49,  5.63,  1.00
155.54,  6.53,  1.00
155.61,  2.91,  1.00
155.68,  2.41,  1.00
155.76,  2.30,  1.00
155.81,  2.94,  1.00
155.88,  5.67,  1.00
155.95, 21.81,  0.00
156.01, 29.70,  0.00
156.10, 20.67,  0.00
156.15,200.23,  0.00
156.21,324.38,  0.00
156.28,272.93,  0.00
156.36,251.41,  0.00
156.42,239.95,  0.00
156.48,268.84,  0.00
156.55,307.79,  0.00
156.63,267.46,  0.00
156.68,271.83,  0.00
156.75,236.86,  0.00
156.82,271.18,  0.00
156.88,282.11,  0.00
156.97,281.32,  0.00
157.02,239.05,  0.00
157.09,250.58,  0.00
157.15,241.48,  0.00
157.23,200.01,  0.00
157.29,205.69,  0.00
157.35,200.07,  0.00
157.42,231.55,  0.00
157.50,248.60,  0.00
157.55,268.87,  0.00
157.62,327.37,  0.00
157.69,339.08,  0.00
157.76,333.74,  0.00
157.84,303.32,  0.00
157.89,320.36,  0.00
157.96,320.00,  0.00
158.02,368.39,  0.00
158.10,295.19,  0.00
158.16,231.23,  0.00
158.22, 11.01,  0.00
158.29,  3.28,  1.00
158.37,  6.55,  1.00
158.43,  1.97,  1.00
158.49,  2.06,  1.00
158.56,  1.61,  1.00
158.64,  1.78,  1.00
158.70,  1.90,  1.00
158.76,  2.11,  1.00
158.83,  1.87,  1.00
158.89,  1.54,  1.00
158.98,  1.94,  1.00
159.03,  2.18,  1.00
159.10,235.03,  0.00
159.16,305.02,  0.00
159.25,301.68,  0.00
159.30,254.74,  0.00
159.36,225.09,  0.00
159.43,268.07,  0.00
159.51,234.78,  0.00
159.56,211.95,  0.00
159.63,198.94,  0.00
159.70,211.64,  0.00
159.77,250.43,  0.00
159.85,291.73,  0.00
159.90,234.36,  0.00
159.97,170.17,  0.00
160.03,368.58,  0.00
160.12,259.19,  0.00
160.17,214.64,  0.00
160.23,187.71,  0.00
160.30,178.78,  0.00
160.38,186.93,  0.00
160.43,210.57,  0.00
160.50,202.15,  0.00
160.57,193.43,  0.00
160.65,203.57,  0.00
160.70,238.32,  0.00
160.77,312.23,  0.00
160.84,369.71,  0.00
160.90,327.40,  0.00
160.99,312.47,  0.00
161.04,344.95,  0.00
161.11,344.95,  0.00
161.17,327.88,  0.00
161.25,286.80,  0.00
161.31,229.23,  0.00
161.37, 24.11,  0.00
161.44, 10.78,  0.00
161.52,  3.93,  1.00
161.57,  6.93,  1.00
161.64,  1.92,  1.00
161.71,  2.08,  1.00
161.78,  1.66,  1.00
161.86,  1.58,  1.00
161.91,  2.83,  1.00
161.98,  1.58,  1.00
162.04,350.55,  0.00
162.12,296.97,  0.00
162.18,219.27,  0.00
162.24,219.06,  0.00
162.31,187.84,  0.00
162.39,184.05,  0.00
162.45,191.05,  0.00
162.51,195.99,  0.00
162.58,196.68,  0.00
162.65,198.75,  0.00
162.73,210.40,  0.00
162.78,237.49,  0.00
162.85,248.87,  0.00
162.91,271.60,  0.00
162.99,260.15,  0.00
163.05,264.95,  0.00
163.12,196.45,  0.00
163.18,248.48,  0.00
163.26,274.72,  0.00
163.32,306.49,  0.00
163.38,274.30,  0.00
163.45,191.96,  0.00
163.53,  9.35,  0.00
163.58, 34.60,  0.00
163.65,  9.73,  1.00
163.72,  9.75,  1.00
163.79,  2.38,  1.00
163.87,  3.69,  1.00
163.92,352.51,  0.00
163.99,221.47,  0.00
164.05,195.37,  0.00
164.13,190.55,  0.00
164.19,196.09,  0.00
164.25,199.10,  0.00
164.32,167.38,  0.00
164.40,159.16,  0.00
164.46,155.81,  0.00
164.52,200.48,  0.00
164.59,220.41,  0.00
164.67,238.82,  0.00
164.72,252.64,  0.00
164.79,262.42,  0.00
164.86,305.66,  0.00
164.92,369.75,  0.00
165.01,389.90,  0.00
165.06,377.21,  0.00
165.12,384.68,  0.00
165.19,364.38,  0.00
165.27,409.73,  0.00
165.33,428.40,  0.00
165.39,305.36,  0.00
165.47,264.56,  0.00
165.53,165.26,  0.00
165.61,213.37,  0.00
165.66, 11.88,  0.00
165.73, 26.80,  0.00
165.81, 87.69,  0.00
165.86, 96.10,  0.00
165.94, 44.74,  0.00
166.00, 10.99,  0.00
166.06,  1.58,  1.00
166.14,  3.19,  1.00
166.20,  6.30,  1.00
166.26,  7.63,  1.00
166.34, 33.23,  0.00
166.40,330.67,  0.00
166.46,271.19,  0.00
166.53,228.18,  0.00
166.60,209.35,  0.00
166.68,214.04,  0.00
166.73,242.97,  0.00
166.80,323.85,  0.00
166.87,286.49,  0.00
166.93,266.00,  0.00
167.01,261.22,  0.00
167.07,269.31,  0.00
167.13,272.84,  0.00
167.20,267.61,  0.00
167.28,274.85,  0.00
167.34,233.59,  0.00
167.40,226.47,  0.00
167.47,242.45,  0.00
167.55,215.51,  0.00
167.60,183.47,  0.00
167.67,156.84,  0.00
167.74,151.79,  0.00
167.82,171.15,  0.00
167.87,183.08,  0.00
167.94,218.28,  0.00
168.01,255.46,  0.00
168.07,246.03,  0.00
168.15,300.27,  0.00
168.21,283.25,  0.00
168.27,294.94,  0.00
168.34,313.96,  0.00
168.42,356.95,  0.00
168.48,264.08,  0.00
168.54,191.64,  0.00
168.61, 95.27,  0.00
168.69,381.92,  0.00
168.74, 13.69,  0.00
168.81,  2.83,  1.00
168.88,  7.12,  1.00
168.95,  2.23,  1.00
169.02,  5.20,  1.00
169.08,  2.27,  1.00
169.15,  2.67,  1.00
169.21,  1.61,  1.00
169.29,  1.41,  1.00
169.35,  1.64,  1.00
169.41,  1.43,  1.00
169.48,  1.53,  1.00
169.56,  1.43,  1.00
169.62,  1.61,  1.00
169.68, 10.94,  0.00
169.75,  3.99,  0.00
169.83,299.31,  0.00
169.88,237.37,  0.00
169.95,199.64,  0.00
170.02,188.85,  0.00
170.10,192.94,  0.00
170.15,226.32,  0.00
170.22,257.90,  0.00
170.28,276.03,  0.00
170.35,244.72,  0.00
170.43,302.61,  0.00
170.49,337.70,  0.00
170.55,264.24,  0.00
170.62,218.31,  0.00
170.70,232.40,  0.00
170.75,227.92,  0.00
170.82,223.43,  0.00
170.89,250.67,  0.00
170.95,232.81,  0.00
171.04,198.59,  0.00
171.09,189.95,  0.00
171.16,200.51,  0.00
171.22,195.76,  0.00
171.30,218.53,  0.00
171.36,259.59,  0.00
171.42,335.95,  0.00
171.49,416.45,  0.00
171.57,396.76,  0.00
171.62,269.09,  0.00
171.69,204.93,  0.00
171.76,162.26,  0.00
171.84,141.52,  0.00
171.89,157.66,  0.00
171.96,187.58,  0.00
172.03,177.20,  0.00
172.09,209.03,  0.00
172.17,223.87,  0.00
172.23,200.65,  0.00
172.29,290.56,  0.00
172.36,271.71,  0.00
172.44,242.78,  0.00
172.49,249.02,  0.00
172.56,141.06,  0.00
172.63, 38.58,  0.00
172.71,  3.53,  0.00
172.76, 18.43,  0.00
172.83,  9.44,  1.00
172.90,  6.52,  1.00
172.96,  3.47,  1.00
173.05,  1.84,  1.00
173.10,  2.27,  1.00
173.17,  1.87,  1.00
173.23,  7.99,  1.00
173.31,  3.62,  1.00
173.37,  4.58,  1.00
173.45,  3.35,  1.00
173.50,  1.48,  1.00
173.58,  1.55,  1.00
173.63,  2.27,  1.00
173.70,  1.80,  1.00
173.77, 23.33,  0.00
173.84, 36.14,  0.00
173.92,  6.22,  0.00
173.97,  5.88,  0.00
174.04, 81.33,  0.00
174.10,132.74,  0.00
174.18,  7.40,  0.00
174.24, 25.20,  0.00
174.30,132.17,  0.00
174.37,141.09,  0.00
174.45,132.75,  0.00
174.51,269.07,  0.00
174.57,176.23,  0.00
174.64,168.16,  0.00
174.72,173.96,  0.00
174.77,214.83,  0.00
174.84,284.81,  0.00
174.91,305.32,  0.00
174.97,310.46,  0.00
175.06,309.84,  0.00
175.11,303.28,  0.00
175.18,309.51,  0.00
175.24,329.51,  0.00
175.32,339.83,  0.00
175.38,305.53,  0.00
175.44,240.23,  0.00
175.51,209.89,  0.00
175.59,191.66,  0.00
175.64,201.86,  0.00
175.71,218.72,  0.00
175.78,213.52,  0.00
175.85,234.77,  0.00
175.93,199.92,  0.00
175.98,221.71,  0.00
176.05,267.02,  0.00
176.11,398.04,  0.00
176.20,328.49,  0.00
176.25,363.82,  0.00
176.32,350.59,  0.00
176.38,206.28,  0.00
176.46,448.34,  0.00
176.52,592.20,  0.00
176.58, 90.80,  0.00
176.65,  9.84,  0.00
176.73,  2.68,  0.00
176.78,641.63,  0.00
176.85, 84.91,  0.00
176.92,  4.73,  1.00
176.99,  6.57,  1.00
177.07,  1.97,  1.00
177.12,  1.62,  1.00
177.19,  2.02,  1.00
177.25,  1.90,  1.00
177.33,  3.17,  1.00
177.39,  2.11,  1.00
177.45,  1.65,  1.00
177.52,  1.49,  1.00
177.60,  4.41,  1.00
177.65,  1.70,  1.00
177.72,  1.69,  1.00
177.79,  1.58,  1.00
177.85,  1.49,  1.00
177.94,  1.56,  1.00
177.99,  7.32,  1.00
178.06,  1.63,  1.00
178.12,  2.14,  1.00
178.21,  1.89,  1.00
178.26,  7.25,  1.00
178.32,  2.41,  1.00
178.39,  1.69,  1.00
178.47, 55.63,  0.00
178.53,377.12,  0.00
178.59,346.13,  0.00
178.66,309.88,  0.00
178.74,318.83,  0.00
178.79,331.08,  0.00
178.86,383.95,  0.00
178.93,306.45,  0.00
178.99,362.38,  0.00
179.07,398.00,  0.00
179.13,384.89,  0.00
179.20,388.19,  0.00
179.26,357.79,  0.00
179.34,420.74,  0.00
179.40,474.07,  0.00
179.46,370.40,  0.00
179.53,325.49,  0.00
179.61,395.57,  0.00
179.67,388.20,  0.00
179.73,396.51,  0.00
179.80,416.39,  0.00
179.87,316.09,  0.00
179.95, 50.44,  0.00
180.00, 12.04,  0.00
180.07,  3.22,  1.00
180.13,  2.58,  1.00
180.21,  7.98,  1.00
180.27,  1.65,  1.00
180.34,  1.87,  1.00
180.40,  1.75,  1.00
180.49,  2.86,  1.00
180.54,  1.57,  1.00
180.60,  1.66,  1.00
180.67,  1.87,  1.00
180.75,  1.74,  1.00
180.80,  1.99,  1.00
180.87,  3.17,  1.00
180.94, 11.83,  0.00
181.01,  6.53,  0.00
181.09,228.50,  0.00
181.14,309.27,  0.00
181.21,259.62,  0.00
181.27,253.43,  0.00
181.35,253.68,  0.00
181.41,328.92,  0.00
181.47,287.62,  0.00
181.54,235.61,  0.00
181.62,197.93,  0.00
181.68,183.55,  0.00
181.74,167.52,  0.00
181.81,115.39,  0.00
181.88,105.39,  0.00
181.96, 93.46,  0.00
182.01, 85.25,  0.00
182.08, 94.62,  0.00
182.16, 99.01,  0.00
182.21,100.57,  0.00
182.28,108.82,  0.00
182.34,102.45,  0.00
182.41, 85.70,  0.00
182.49, 73.21,  0.00
182.55, 70.68,  0.00
182.61, 91.79,  0.00
182.68,105.81,  0.00
182.76,108.54,  0.00
182.81, 89.46,  0.00
182.88, 83.28,  0.00
182.95,102.42,  0.00
183.01,118.73,  0.00
183.10,135.02,  0.00
183.15,134.04,  0.00
183.21,164.02,  0.00
183.28,179.12,  0.00
183.36,178.36,  0.00
183.42,182.76,  0.00
183.48,248.99,  0.00
183.55,269.49,  0.00
183.63,289.46,  0.00
183.68,261.90,  0.00
183.75,289.05,  0.00
183.82,187.37,  0.00
183.90,150.97,  0.00
183.95,124.67,  0.00
184.02,113.99,  0.00
184.09,121.14,  0.00
184.15,133.95,  0.00
184.24,156.60,  0.00
184.29,172.18,  0.00
184.35,150.85,  0.00
184.42,140.74,  0.00
184.50,155.53,  0.00
184.55,167.95,  0.00
184.62,165.99,  0.00
184.69,145.16,  0.00
184.77,160.12,  0.00
184.82,172.84,  0.00
184.89,167.65,  0.00
184.96,215.63,  0.00
185.02,228.33,  0.00
185.10,222.13,  0.00
185.16,198.28,  0.00
185.23,217.10,  0.00
185.29, 63.93,  0.00
185.37,240.56,  0.00
185.43,203.91,  0.00
185.49,131.75,  0.00
185.56,111.21,  0.00
185.64,106.81,  0.00
185.70,125.84,  0.00
185.76,179.63,  0.00
185.83,166.02,  0.00
185.90,122.55,  0.00
185.98,116.41,  0.00
186.03,107.20,  0.00
186.10, 99.26,  0.00
186.16, 96.40,  0.00
186.24,103.96,  0.00
186.30,118.83,  0.00
186.37,143.62,  0.00
186.43,146.32,  0.00
186.51,161.57,  0.00
186.57,157.64,  0.00
186.63,132.27,  0.00
186.70,102.57,  0.00
186.78,100.76,  0.00
186.84, 99.45,  0.00
186.90,110.50,  0.00
186.97, 95.07,  0.00
187.04, 95.66,  0.00
187.12, 94.82,  0.00
187.17, 88.51,  0.00
187.24,104.26,  0.00
187.30,110.95,  0.00
187.38,124.24,  0.00
187.44,123.30,  0.00
187.50,150.69,  0.00
187.57,155.90,  0.00
187.65,159.99,  0.00
187.71,155.85,  0.00
187.77,158.03,  0.00
187.84,152.46,  0.00
187.92,153.43,  0.00
187.97,157.79,  0.00
188.04,171.56,  0.00
188.11,219.17,  0.00
188.17,235.81,  0.00
188.25,197.67,  0.00
188.31,182.08,  0.00
188.37,242.51,  0.00
188.44,199.96,  0.00
188.52,265.44,  0.00
188.57,282.81,  0.00
188.64,256.29,  0.00
188.71,250.03,  0.00
188.79,219.42,  0.00
188.84,226.56,  0.00
188.91,220.26,  0.00
188.98,262.96,  0.00
189.06,218.67,  0.00
189.11,221.81,  0.00
189.18,197.77,  0.00
189.25,191.12,  0.00
189.31,280.64,  0.00
189.39,254.50,  0.00
189.45,199.77,  0.00
189.51,185.47,  0.00
189.58,171.83,  0.00
189.66,259.01,  0.00
189.71,298.55,  0.00
189.78,228.17,  0.00
189.85,196.68,  0.00
189.93,182.46,  0.00
189.98,147.53,  0.00
190.05,138.14,  0.00
190.12,152.07,  0.00
190.18,168.69,  0.00
190.26,167.25,  0.00
190.32,149.24,  0.00
190.38,141.83,  0.00
190.45,126.49,  0.00
190.53,147.62,  0.00
190.59,130.72,  0.00
190.65,164.70,  0.00
190.72,165.00,  0.00
190.79,153.61,  0.00
190.87,156.80,  0.00
190.92,115.60,  0.00
190.99,112.66,  0.00
191.07,104.93,  0.00
191.12,117.94,  0.00
191.19,103.27,  0.00
191.26,102.56,  0.00
191.32,110.47,  0.00
191.40,130.10,  0.00
191.46,110.60,  0.00
191.52,101.47,  0.00
191.59,120.59,  0.00
191.67,131.71,  0.00
191.73,130.54,  0.00
191.79,130.74,  0.00
191.86,192.39,  0.00
191.93,316.94,  0.00
192.01,154.76,  0.00
192.06,143.96,  0.00
192.13,137.41,  0.00
192.19,154.16,  0.00
192.27,136.80,  0.00
192.33,223.22,  0.00
192.39,234.28,  0.00
192.46,173.66,  0.00
192.54,129.93,  0.00
192.60,111.39,  0.00
192.66,129.31,  0.00
192.73,147.38,  0.00
192.81,156.23,  0.00
192.86,119.49,  0.00
192.93,149.00,  0.00
193.00,264.41,  0.00
193.08,180.70,  0.00
193.13,133.48,  0.00
193.20,136.63,  0.00
193.26,143.07,  0.00
193.33,139.85,  0.00
193.41,158.08,  0.00
193.47,234.63,  0.00
193.53,196.48,  0.00
193.60,191.48,  0.00
193.68,195.11,  0.00
193.74,202.15,  0.00
193.80,167.69,  0.00
193.87,166.08,  0.00
193.94,193.75,  0.00
194.02,197.37,  0.00
194.07,233.59,  0.00
194.14,175.47,  0.00
194.20,133.59,  0.00
194.29,139.30,  0.00
194.34, 87.47,  0.00
194.40,127.33,  0.00
194.47,107.53,  0.00
194.55, 94.14,  0.00
194.61, 84.13,  0.00
194.67, 91.12,  0.00
194.74, 87.37,  0.00
194.81,108.21,  0.00
194.89,119.31,  0.00
194.94,135.25,  0.00
195.01,157.78,  0.00
195.07,178.47,  0.00
195.16,212.48,  0.00
195.21,240.19,  0.00
195.27,269.84,  0.00
195.34,197.86,  0.00
195.42,169.56,  0.00
195.48, 75.21,  0.00
195.54, 17.95,  0.00
195.61, 32.07,  0.00
195.69, 10.80,  0.00
195.74, 14.80,  0.00
195.81, 98.57,  0.00
195.88,159.22,  0.00
195.95,116.00,  0.00
196.03, 73.76,  0.00
196.08,  7.91,  1.00
196.15,  2.28,  1.00
196.21,  2.08,  1.00
196.29,  2.47,  1.00
196.35,  4.59,  1.00
196.41,  7.48,  1.00
196.48,  7.38,  1.00
196.56, 42.81,  0.00
196.62,139.99,  0.00
196.68,339.18,  0.00
196.75,299.40,  0.00
196.83,214.04,  0.00
196.88,179.42,  0.00
196.95,169.89,  0.00
197.02,183.05,  0.00
197.09,169.20,  0.00
197.17,177.65,  0.00
197.22,174.39,  0.00
197.29,178.01,  0.00
197.35,184.38,  0.00
197.43,181.72,  0.00
197.49,201.92,  0.00
197.55,231.50,  0.00
197.62,207.15,  0.00
197.70,111.93,  0.00
197.75, 16.73,  0.00
197.82, 20.03,  0.00
197.89, 11.50,  0.00
197.96,  4.51,  1.00
198.04,  4.97,  1.00
198.09,  4.70,  1.00
198.16,  7.50,  1.00
198.22,  4.40,  1.00
198.30,  2.97,  1.00
198.36,  2.48,  1.00
198.42,  2.71,  1.00
198.49,  8.74,  1.00
198.57,  6.77,  1.00
198.63, 13.74,  0.00
198.69,  8.71,  0.00
198.76,  1.73,  0.00
198.84,  3.58,  0.00
198.89, 11.74,  0.00
198.96, 10.92,  0.00
199.03, 16.31,  0.00
199.10, 21.42,  0.00
199.18, 33.46,  0.00
199.23, 15.69,  0.00
199.29,  9.15,  0.00
199.36, 10.98,  0.00
199.44,  9.81,  0.00
199.50, 17.53,  0.00
199.56, 33.89,  0.00
199.63,167.18,  0.00
199.71,134.16,  0.00
199.76,145.60,  0.00
199.83,137.06,  0.00
199.90,122.60,  0.00
199.97,144.29,  0.00
200.05,150.20,  0.00
200.10,146.51,  0.00
200.17,131.24,  0.00
200.23,129.72,  0.00
200.32,130.98,  0.00
200.37,105.16,  0.00
200.43,114.83,  0.00
200.50,117.05,  0.00
200.58,140.33,  0.00
200.64,160.08,  0.00
200.70,168.74,  0.00
200.77,155.39,  0.00
200.85,179.82,  0.00
200.90,180.38,  0.00
200.97,205.38,  0.00
201.04,177.38,  0.00
201.10,201.56,  0.00
201.18,223.19,  0.00
201.24,234.82,  0.00
201.30,233.70,  0.00
201.37,211.05,  0.00
201.45,228.79,  0.00
201.51,295.14,  0.00
201.57,349.57,  0.00
201.64,395.25,  0.00
201.72,336.70,  0.00
201.77, 52.04,  0.00
201.84,  6.84,  0.00
201.91, 17.65,  0.00
201.99, 21.37,  0.00
202.04, 91.16,  0.00
202.11,128.69,  0.00
202.18,133.12,  0.00
202.24, 81.72,  0.00
202.32, 50.50,  0.00
202.38, 93.94,  0.00
202.44, 99.68,  0.00
202.51, 49.80,  0.00
202.59, 99.48,  0.00
202.65,177.55,  0.00
202.71,249.29,  0.00
202.78,275.19,  0.00
202.86,283.51,  0.00
202.91,330.37,  0.00
202.98,170.41,  0.00
203.05,134.71,  0.00
203.11, 32.73,  0.00
203.19,  3.24,  0.00
203.25, 95.94,  0.00
203.32,251.69,  0.00
203.38,352.39,  0.00
203.46,281.44,  0.00
203.52,290.94,  0.00
203.58,297.17,  0.00
203.65,287.43,  0.00
203.73,313.15,  0.00
203.78,298.20,  0.00
203.85,309.61,  0.00
203.92,288.99,  0.00
204.00,257.47,  0.00
204.05,256.27,  0.00
204.12,224.80,  0.00
204.19,245.70,  0.00
204.25,216.33,  0.00
204.34,195.84,  0.00
204.39,199.91,  0.00
204.45,186.82,  0.00
204.52,159.07,  0.00
204.60,252.52,  0.00
204.66,256.57,  0.00
204.72,113.66,  0.00
204.79, 20.89,  0.00
204.87, 12.72,  0.00
204.92, 22.95,  0.00
204.99, 71.17,  0.00
205.06, 60.74,  0.00
205.14,  5.98,  0.00
205.19,167.97,  0.00
205.26, 95.97,  0.00
205.33, 68.10,  0.00
205.39, 76.88,  0.00
205.47, 27.56,  0.00
205.53, 39.96,  0.00
205.59,  4.02,  0.00
205.66, 29.05,  0.00
205.74, 26.32,  0.00
205.80, 64.22,  0.00
205.86,310.29,  0.00
205.93,411.78,  0.00
206.00,426.58,  0.00
206.08,206.16,  0.00
206.13, 28.65,  0.00
206.20, 10.60,  0.00
206.26,  3.07,  0.00
206.35, 18.70,  0.00
206.40,  7.73,  0.00
206.46,  5.52,  0.00
206.53,238.87,  0.00
206.61,209.75,  0.00
206.67,151.52,  0.00
206.73,140.17,  0.00
206.80,145.53,  0.00
206.88,175.33,  0.00
206.93,164.62,  0.00
207.00,153.41,  0.00
207.07,146.26,  0.00
207.15,131.33,  0.00
207.20,158.29,  0.00
207.29,160.20,  0.00
207.34,143.87,  0.00
207.40,133.81,  0.00
207.48,147.77,  0.00
207.54,161.43,  0.00
207.60,149.84,  0.00
207.67,183.57,  0.00
207.75,242.69,  0.00
207.80,242.18,  0.00
207.87,146.39,  0.00
207.94,197.26,  0.00
208.01,204.33,  0.00
208.09,235.90,  0.00
208.14,253.44,  0.00
208.21,153.38,  0.00
208.27, 94.28,  0.00
208.35, 97.58,  0.00
208.41, 61.50,  0.00
208.47, 44.72,  0.00
208.54, 47.23,  0.00
208.62, 44.45,  0.00
208.68, 40.26,  0.00
208.74, 45.01,  0.00
208.81, 59.96,  0.00
208.88, 41.38,  0.00
208.96, 49.01,  0.00
209.01, 40.04,  0.00
209.08, 29.85,  0.00
209.14, 28.63,  0.00
209.23, 53.87,  0.00
209.28, 43.39,  0.00
209.35, 39.11,  0.00
209.41, 47.30,  0.00
209.49, 64.61,  0.00
209.55, 65.56,  0.00
209.61, 95.13,  0.00
209.68,126.11,  0.00
209.76,101.56,  0.00
209.81,103.37,  0.00
209.88, 56.83,  0.00
209.95, 47.48,  0.00
210.02, 43.12,  0.00
210.10, 44.34,  0.00
210.15, 43.40,  0.00
210.22, 44.09,  0.00
210.28, 42.66,  0.00
210.37, 45.37,  0.00
210.42, 54.27,  0.00
210.48, 72.29,  0.00
210.55, 92.81,  0.00
210.63,103.46,  0.00
210.69, 98.36,  0.00
210.75,110.49,  0.00
210.82,114.47,  0.00
210.90,130.21,  0.00
210.96,187.13,  0.00
211.02,159.57,  0.00
211.09,171.02,  0.00
211.15,117.87,  0.00
211.24,203.92,  0.00
211.29,267.62,  0.00
211.35,210.66,  0.00
211.42,229.28,  0.00
211.50, 26.23,  0.00
211.56,138.73,  0.00
211.62, 69.75,  0.00
211.69, 14.15,  0.00
211.77, 67.97,  0.00
211.82, 14.18,  0.00
211.89,138.02,  0.00
211.96,269.37,  0.00
212.03,306.33,  0.00
212.11,275.76,  0.00
212.16,199.66,  0.00
212.23,172.53,  0.00
212.29, 74.21,  0.00
212.37, 48.58,  0.00
212.43, 34.25,  0.00
212.49, 92.63,  0.00
212.56,  9.42,  0.00
212.64, 15.38,  0.00
212.70,  2.17,  1.00
212.76,  1.62,  1.00
212.83,  3.36,  1.00
212.90,  1.63,  1.00
212.98,  1.87,  1.00
213.03,  4.18,  1.00
213.10,  4.82,  1.00
213.16,  2.76,  1.00
213.25,  2.48,  1.00
213.30, 10.16,  0.00
213.37,  3.78,  1.00
213.43,  1.64,  1.00
213.51,  9.61,  1.00
213.57,  2.06,  1.00
213.63, 10.94,  0.00
213.70,  5.37,  0.00
213.78,  1.98,  0.00
213.83,  8.49,  0.00
213.90, 98.57,  0.00
213.97,268.47,  0.00
214.04,166.37,  0.00
214.12,176.42,  0.00
214.17,187.72,  0.00
214.24,271.24,  0.00
214.30,124.12,  0.00
214.38, 64.17,  0.00
214.44,202.90,  0.00
214.50,285.34,  0.00
214.57,312.61,  0.00
214.65,265.16,  0.00
214.71,249.44,  0.00
214.77,203.88,  0.00
214.84,160.48,  0.00
214.92,151.46,  0.00
214.97,167.92,  0.00
215.04,125.90,  0.00
215.11,112.04,  0.00
215.17, 31.47,  0.00
215.26, 42.93,  0.00
215.31,  1.63,  0.00
215.37,  2.69,  0.00
215.44, 16.51,  0.00
215.52,  3.98,  1.00
215.58,  3.17,  1.00
215.64,  2.37,  1.00
215.71,  2.03,  1.00
215.79,  4.68,  1.00
215.84,  1.59,  1.00
215.91,  1.72,  1.00
215.98, 35.40,  0.00
216.05,  7.03,  1.00
216.13,  7.49,  1.00
216.18,  3.70,  1.00
216.25,  4.17,  1.00
216.31, 15.83,  0.00
216.40,  1.47,  1.00
216.45,  1.48,  1.00
216.51,  4.46,  1.00
216.58,  1.51,  1.00
216.66,  4.42,  1.00
216.71,  1.52,  1.00
216.78,  1.54,  1.00
216.85,  4.74,  1.00
216.93, 13.30,  0.00
216.98,  6.57,  1.00
217.05,  2.01,  1.00
217.12,  6.01,  1.00
217.18,  1.48,  1.00
217.27, 23.68,  0.00
217.32,  3.48,  1.00
217.39,  2.70,  1.00
217.45,  4.97,  1.00
217.53,  1.75,  1.00
217.59,  5.82,  1.00
217.65,  6.02,  1.00
217.72, 17.22,  0.00
217.80,  1.59,  1.00
217.85,  1.62,  1.00
217.92,  6.73,  1.00
217.99,  1.40,  1.00
218.07,  1.54,  1.00
218.12,  1.52,  1.00
218.19,  1.50,  1.00
218.26,  1.92,  1.00
218.32,  1.48,  1.00
218.40,  1.47,  1.00
218.46,  1.52,  1.00
218.52,  1.73,  1.00
218.60,  2.16,  1.00
218.66,  1.44,  1.00
218.73,  1.81,  1.00
218.79,  1.45,  1.00
218.86,  1.50,  1.00
218.94,  1.63,  1.00
218.99,  1.47,  1.00
219.06,  1.61,  1.00
219.13,  1.55,  1.00
219.19,  2.25,  1.00
219.27,  3.46,  1.00
219.33,  3.30,  1.00
219.40,  1.62,  1.00
219.46,  1.45,  1.00
219.54,  4.72,  1.00
219.60,  5.71,  1.00
219.66,  1.52,  1.00
219.73,  5.97,  1.00
219.81,  3.20,  1.00
219.87,  1.93,  1.00
219.93,  3.54,  1.00
220.00,  1.64,  1.00
220.08,  3.03,  1.00
220.13,  1.98,  1.00
220.20,102.68,  0.00
220.27,177.06,  0.00
220.34,170.46,  0.00
220.41,163.76,  0.00
220.47,156.20,  0.00
220.53,166.22,  0.00
220.60,146.49,  0.00
220.68,152.46,  0.00
220.74,152.15,  0.00
220.80,171.89,  0.00
220.87,161.87,  0.00
220.95,171.74,  0.00
221.00,161.80,  0.00
221.07,143.50,  0.00
221.14,168.97,  0.00
221.22,172.81,  0.00
221.27,174.40,  0.00
221.34,236.82,  0.00
221.41,236.91,  0.00
221.47,226.77,  0.00
221.55,205.47,  0.00
221.61,206.07,  0.00
221.67,206.25,  0.00
221.74,235.04,  0.00
221.82,248.43,  0.00
221.87,258.94,  0.00
221.94,251.06,  0.00
222.01,317.55,  0.00
222.09,136.95,  0.00
222.14,116.13,  0.00
222.21,122.21,  0.00
222.28,116.75,  0.00
222.34,  7.49,  1.00
222.42,  2.56,  1.00
222.48,  2.69,  1.00
222.54,  1.78,  1.00
222.61, 50.42,  0.00
222.69,118.75,  0.00
222.74,142.32,  0.00
222.81, 96.02,  0.00
222.88, 21.64,  0.00
222.96,  1.85,  1.00
223.01,  1.70,  1.00
223.08,  2.24,  1.00
223.15,  1.52,  1.00
223.21,  1.60,  1.00
223.29,  1.60,  1.00
223.35,  1.85,  1.00
223.42,  1.52,  1.00
223.48,  1.60,  1.00
223.56,  1.83,  1.00
223.62,  1.57,  1.00
223.68,  1.65,  1.00
223.76,  1.41,  1.00
223.82,  1.53,  1.00
223.88,  1.52,  1.00
223.95,  2.93,  1.00
224.02,  1.47,  1.00
224.10,  1.50,  1.00
224.15,  1.83,  1.00
224.22,  2.02,  1.00
224.29,  1.45,  1.00
224.35,  1.48,  1.00
224.43,  3.04,  1.00
224.49,  1.99,  1.00
224.55,  1.73,  1.00
224.63,  1.79,  1.00
224.69,  1.92,  1.00
224.76,  2.63,  1.00
224.82,  1.74,  1.00
224.89,  1.62,  1.00
224.97,  1.75,  1.00
225.02,  2.43,  1.00
225.09,  1.81,  1.00
225.16,  1.50,  1.00
225.22,  1.87,  1.00
225.31,  2.94,  1.00
225.36,  1.55,  1.00
225.43,  1.47,  1.00
225.49,  1.77,  1.00
225.58,  1.75,  1.00
225.63,  2.02,  1.00
225.69,  1.52,  1.00
225.76,  2.28,  1.00
225.84,  1.67,  1.00
225.90,  1.48,  1.00
225.96,  1.68,  1.00
226.03,  1.95,  1.00
226.11,  1.58,  1.00
226.16,  1.50,  1.00
226.23,  1.83,  1.00
226.30,  1.46,  1.00
226.36,  1.46,  1.00
226.44,  2.30,  1.00
226.50,  2.56,  1.00
226.56,376.68,  0.00
226.63,305.38,  0.00
226.71,295.92,  0.00
226.77,257.32,  0.00
226.83,276.70,  0.00
226.90,272.26,  0.00
226.98,222.94,  0.00
227.04,273.97,  0.00
227.10,143.62,  0.00
227.17, 97.00,  0.00
227.23,228.11,  0.00
227.32,220.36,  0.00
227.37,240.32,  0.00
227.43,226.32,  0.00
227.51,361.75,  0.00
227.57,385.38,  0.00
227.64,371.31,  0.00
227.70,369.81,  0.00
227.77,347.82,  0.00
227.85,245.28,  0.00
227.90,233.50,  0.00
227.98, 52.12,  0.00
228.04, 13.41,  0.00
228.12,  8.74,  1.00
228.17,  5.84,  1.00
228.24,  1.58,  1.00
228.31,  2.75,  1.00
228.37,  1.66,  1.00
228.45,  5.41,  1.00
228.51,  1.80,  1.00
228.57,  2.60,  1.00
228.65, 11.58,  0.00
228.71, 18.13,  0.00
228.78, 16.63,  0.00
228.84,  3.57,  1.00
228.91,  1.57,  1.00
228.99,  1.72,  1.00
229.04,  1.74,  1.00
229.11,  1.53,  1.00
229.18,  1.91,  1.00
229.24,  1.55,  1.00
229.33,  1.62,  1.00
229.38,  4.00,  1.00
229.45, 36.18,  0.00
229.51, 50.88,  0.00
229.59,103.02,  0.00
229.65, 11.83,  0.00
229.71,  1.92,  1.00
229.78,  1.55,  1.00
229.86,  1.67,  1.00
229.91,  1.79,  1.00
229.98,  2.94,  1.00
230.05,  2.56,  1.00
230.12,  2.02,  1.00
230.20,  3.55,  1.00
230.25,  1.53,  1.00
230.32,  1.51,  1.00
230.38,  1.52,  1.00
230.46,  1.45,  1.00
230.52,  1.57,  1.00
230.58,  1.62,  1.00
230.65,  2.61,  1.00
230.73,  1.91,  1.00
230.79,  1.55,  1.00
230.85,  1.71,  1.00
230.92,  1.86,  1.00
231.00,  1.68,  1.00
231.05,  1.46,  1.00
231.13,  1.57,  1.00
231.19,  2.24,  1.00
231.25,  1.66,  1.00
231.34,  2.22,  1.00
231.39,  1.48,  1.00
231.46,  1.49,  1.00
231.52,  5.58,  1.00
231.60,287.81,  0.00
231.66,209.96,  0.00
231.72,195.07,  0.00
231.79,186.47,  0.00
231.87,191.85,  0.00
231.92,276.66,  0.00
231.99,291.16,  0.00
232.06,327.23,  0.00
232.13,313.08,  0.00
232.21,326.20,  0.00
232.26,341.65,  0.00
232.33,296.02,  0.00
232.39,177.70,  0.00
232.47,256.93,  0.00
232.53,155.85,  0.00
232.59,264.10,  0.00
232.66,317.86,  0.00
232.74,342.11,  0.00
232.80,403.80,  0.00
232.86,311.02,  0.00
232.93, 73.19,  0.00
233.01,  4.12,  1.00
233.06,  1.76,  1.00
233.13,  2.59,  1.00
233.20,  1.82,  1.00
233.26,  1.95,  1.00
233.35,  1.84,  1.00
233.40,  1.85,  1.00
233.46,  2.09,  1.00
233.53,  1.80,  1.00
233.61,  1.62,  1.00
233.67,  1.44,  1.00
233.73,  1.47,  1.00
233.80,  1.52,  1.00
233.88,  1.52,  1.00
233.93,  1.50,  1.00
234.00,  1.59,  1.00
234.07,  1.65,  1.00
234.13,  2.99,  1.00
234.22,  2.34,  1.00
234.27,  1.49,  1.00
234.34,  1.58,  1.00
234.40,  2.10,  1.00
234.49,  1.62,  1.00
234.54,  1.52,  1.00
234.60,  1.51,  1.00
234.67,  1.48,  1.00
234.75,  1.62,  1.00
234.81,  1.49,  1.00
234.87,  1.47,  1.00
234.94,  2.91,  1.00
235.02,  1.44,  1.00
235.07,  1.57,  1.00
235.14,  1.58,  1.00
235.21,  2.84,  1.00
235.27,  1.46,  1.00
235.35,  1.71,  1.00
235.41,  1.56,  1.00
235.48,336.89,  0.00
235.54,264.06,  0.00
235.62,261.78,  0.00
235.68,255.57,  0.00
235.74,239.47,  0.00
235.81,240.99,  0.00
235.89,172.72,  0.00
235.94,125.52,  0.00
236.01,149.13,  0.00
236.08,230.07,  0.00
236.16,211.26,  0.00
236.21,237.01,  0.00
236.28,232.06,  0.00
236.35,208.46,  0.00
236.41,176.67,  0.00
236.49,126.02,  0.00
236.55, 93.76,  0.00
236.62, 40.80,  0.00
236.68,  4.52,  0.00
236.76, 13.93,  0.00
236.82,  6.85,  1.00
236.88,  5.00,  1.00
236.95,  2.71,  1.00
237.03,  1.82,  1.00
237.08,  2.14,  1.00
237.15,  3.95,  1.00
237.22,  1.57,  1.00
237.30,  2.36,  1.00
237.35,  1.69,  1.00
237.42,  1.49,  1.00
237.49,  1.72,  1.00
237.55,  1.53,  1.00
237.63,  1.53,  1.00
237.69,  2.70,  1.00
237.75,  1.55,  1.00
237.82,  1.49,  1.00
237.90,  2.15,  1.00
237.96,  1.49,  1.00
238.02,  1.63,  1.00
238.09,  1.50,  1.00
238.17,  1.78,  1.00
238.22,  1.58,  1.00
238.29,  1.47,  1.00
238.36,  1.50,  1.00
238.42,  2.29,  1.00
238.50,  1.83,  1.00
238.56,  1.56,  1.00
238.62,  2.59,  1.00
238.69,  2.99,  1.00
238.77,  3.43,  1.00
238.83,  2.94,  1.00
238.89,  1.50,  1.00
238.96,  1.57,  1.00
239.04,  2.87,  1.00
239.09,  4.38,  1.00
239.16, 22.26,  0.00
239.23, 24.63,  0.00
239.29, 84.71,  0.00
239.37,220.95,  0.00
239.43,206.74,  0.00
239.49,209.09,  0.00
239.56,206.34,  0.00
239.64,232.13,  0.00
239.70,280.44,  0.00
239.76,221.92,  0.00
239.83,309.64,  0.00
239.91,287.01,  0.00
239.97,275.62,  0.00
